State,Office,Dist.,Candidate Name & Party,General  Seat,Primary  Date,Election  Date,Candidate Name,Party,CAND_ID,CAND_NAME,CAND_ICI,PTY_CD,CAND_PTY_AFFILIATION,TTL_RECEIPTS,TRANS_FROM_AUTH,TTL_DISB,TRANS_TO_AUTH,COH_BOP,COH_COP,CAND_CONTRIB,CAND_LOANS,OTHER_LOANS,CAND_LOAN_REPAY,OTHER_LOAN_REPAY,DEBTS_OWED_BY,TTL_INDIV_CONTRIB,CAND_OFFICE_ST,CAND_OFFICE_DISTRICT,OTHER_POL_CMTE_CONTRIB,POL_PTY_CONTRIB,CVG_END_DT,INDIV_REFUNDS,CMTE_REFUNDS
AK,U.S. Rep.,AL,Alyse E. Galvin (D)*,C,WON,2018-11-06,ALYSE E. GALVIN,D)*,,,,,,,,,,,,,,,,,,,,,,,,,
AL,U.S. Rep.,2,Martha Roby (R),I,WON,2018-11-06,MARTHA ROBY,R),H0AL02087,"ROBY, MARTHA",I,2.0,REP,2186212.91,85734.19,1500989.88,0.0,45450.72,730673.75,0.0,0.0,0.0,0.0,0.0,0.0,718837.48,AL,2.0,1381291.24,0.0,06/27/2018,6674.0,0.0
AL,U.S. Rep.,2,Tabitha Kay Isner (D),C,WON,2018-11-06,TABITHA KAY ISNER,D),,,,,,,,,,,,,,,,,,,,,,,,,
AL,U.S. Rep.,3,Mallory Hytes Hagan (D),C,WON,2018-11-06,MALLORY HYTES HAGAN,D),,,,,,,,,,,,,,,,,,,,,,,,,
AL,U.S. Rep.,7,Terri A. Sewell (D),I,WON,2018-11-06,TERRI A. SEWELL,D),,,,,,,,,,,,,,,,,,,,,,,,,
AR,U.S. Rep.,4,Hayden C. Shamel (D),C,WON,2018-11-06,HAYDEN C. SHAMEL,D),,,,,,,,,,,,,,,,,,,,,,,,,
AZ,U.S. Sen.,,Kyrsten Sinema (D),O,WON,2018-11-06,KYRSTEN SINEMA,D),H2AZ09019,"SINEMA, KYRSTEN",I,1.0,DEM,10724851.22,615231.7,10520233.43,0.0,2263633.3,2468252.0,0.0,0.0,0.0,0.0,0.0,0.0,7831540.63,AZ,9.0,2147159.5,456.0,08/08/2018,70767.0,24200.0
AZ,U.S. Sen.,,Kyrsten Sinema (D),O,WON,2018-11-06,KYRSTEN SINEMA,D),S8AZ00197,"SINEMA, KYRSTEN",O,1.0,DEM,10724851.22,615231.7,10520233.43,0.0,2263633.3,2468252.0,0.0,0.0,0.0,0.0,0.0,0.0,7831540.63,AZ,0.0,2147159.5,456.0,08/08/2018,70767.0,24200.0
AZ,U.S. Sen.,,Martha McSally (R),O,WON,2018-11-06,MARTHA MCSALLY,R),S8AZ00221,"MCSALLY, MARTHA",O,2.0,REP,7717545.0,1573888.0,5810570.0,0.0,0.0,1906974.0,0.0,0.0,0.0,0.0,0.0,0.0,5570700.0,AZ,0.0,550096.0,0.0,08/08/2018,76721.0,5000.0
AZ,U.S. Rep.,1,Wendy Rogers (R),C,WON,2018-11-06,WENDY ROGERS,R),,,,,,,,,,,,,,,,,,,,,,,,,
AZ,U.S. Rep.,2,Ann L. Kirkpatrick (D),O,WON,2018-11-06,ANN L. KIRKPATRICK,D),,,,,,,,,,,,,,,,,,,,,,,,,
AZ,U.S. Rep.,2,Lea Marquez Peterson (R),O,WON,2018-11-06,LEA MARQUEZ PETERSON,R),,,,,,,,,,,,,,,,,,,,,,,,,
AZ,U.S. Rep.,5,Joan Greene (D),C,WON,2018-11-06,JOAN GREENE,D),H8AZ05154,"GREENE, JOAN",C,1.0,DEM,97618.61,0.0,88007.3,531.77,0.0,9581.31,9000.0,57525.0,0.0,0.0,0.0,57525.0,28486.99,AZ,5.0,0.0,2500.0,08/08/2018,0.0,0.0
AZ,U.S. Rep.,6,Anita Malik (D),C,WON,2018-11-06,ANITA MALIK,D),,,,,,,,,,,,,,,,,,,,,,,,,
AZ,U.S. Rep.,8,Debbie Lesko (R),I,WON,2018-11-06,DEBBIE LESKO,R),,,,,,,,,,,,,,,,,,,,,,,,,
AZ,U.S. Rep.,8,Hiral Vyas Tipirneni (D),C,WON,2018-11-06,HIRAL VYAS TIPIRNENI,D),,,,,,,,,,,,,,,,,,,,,,,,,
CA,U.S. Sen.,,Dianne Feinstein (D),I,WON,2018-11-06,DIANNE FEINSTEIN,D),S0CA00199,"FEINSTEIN, DIANNE",I,1.0,DEM,14994029.0,159710.0,13660951.0,0.0,2424357.0,3757433.0,1750000.0,8000000.0,0.0,4750000.0,0.0,3250000.0,3872523.0,CA,0.0,1142712.0,0.0,06/30/2018,54405.0,3500.0
CA,U.S. Rep.,1,Audrey Denney (D),C,WON,2018-11-06,AUDREY DENNEY,D),,,,,,,,,,,,,,,,,,,,,,,,,
CA,U.S. Rep.,4,Jessica Morse (D),C,WON,2018-11-06,JESSICA MORSE,D),H8CA04210,"MORSE, JESSICA",C,1.0,DEM,1461622.61,34900.0,925668.65,0.0,0.0,535953.96,231.81,0.0,0.0,0.0,0.0,0.0,1383909.15,CA,4.0,42381.44,0.0,06/30/2018,6003.43,0.0
CA,U.S. Rep.,6,Doris O. Matsui (D),I,WON,2018-11-06,DORIS O. MATSUI,D),,,,,,,,,,,,,,,,,,,,,,,,,
CA,U.S. Rep.,9,Marla Livengood (R),C,WON,2018-11-06,MARLA LIVENGOOD,R),,,,,,,,,,,,,,,,,,,,,,,,,
CA,U.S. Rep.,12,Nancy Pelosi (D),I,WON,2018-11-06,NANCY PELOSI,D),H8CA05035,"PELOSI, NANCY",I,1.0,DEM,3364124.23,298926.0,3611324.69,0.0,1820817.85,1573617.39,0.0,0.0,0.0,0.0,0.0,0.0,2176410.6,CA,12.0,873500.0,0.0,06/30/2018,67239.31,0.0
CA,U.S. Rep.,12,Lisa Remmer (R),C,WON,2018-11-06,LISA REMMER,R),,,,,,,,,,,,,,,,,,,,,,,,,
CA,U.S. Rep.,13,Barbara J. Lee (D),I,WON,2018-11-06,BARBARA J. LEE,D),,,,,,,,,,,,,,,,,,,,,,,,,
CA,U.S. Rep.,14,Jackie Speier (D),I,WON,2018-11-06,JACKIE SPEIER,D),,,,,,,,,,,,,,,,,,,,,,,,,
CA,U.S. Rep.,14,Cristina Osmena (R),C,WON,2018-11-06,CRISTINA OSMENA,R),,,,,,,,,,,,,,,,,,,,,,,,,
CA,U.S. Rep.,16,Elizabeth Heng (R),C,WON,2018-11-06,ELIZABETH HENG,R),,,,,,,,,,,,,,,,,,,,,,,,,
CA,U.S. Rep.,18,Anna G. Eshoo (D),I,WON,2018-11-06,ANNA G. ESHOO,D),,,,,,,,,,,,,,,,,,,,,,,,,
CA,U.S. Rep.,18,Christine Russell (R),C,WON,2018-11-06,CHRISTINE RUSSELL,R),,,,,,,,,,,,,,,,,,,,,,,,,
CA,U.S. Rep.,19,Zoe Lofgren (D),I,WON,2018-11-06,ZOE LOFGREN,D),H4CA16049,"LOFGREN, ZOE",I,1.0,DEM,1371599.18,96400.0,1286075.67,0.0,1275112.09,1360635.6,0.0,0.0,0.0,0.0,0.0,0.0,838314.09,CA,19.0,348600.0,500.0,06/30/2018,2339.35,0.0
CA,U.S. Rep.,23,Tatiana Matta (D),C,WON,2018-11-06,TATIANA MATTA,D),,,,,,,,,,,,,,,,,,,,,,,,,
CA,U.S. Rep.,25,Katherine L. Hill (D),C,WON,2018-11-06,KATHERINE L. HILL,D),,,,,,,,,,,,,,,,,,,,,,,,,
CA,U.S. Rep.,26,Julia Brownley (D),I,WON,2018-11-06,JULIA BROWNLEY,D),H2CA00120,"BROWNLEY, JULIA",I,1.0,DEM,2064898.68,16670.83,542031.41,0.0,1649893.27,3172760.54,0.0,0.0,0.0,0.0,0.0,0.0,1244799.52,CA,26.0,754569.81,2476.96,06/30/2018,26100.12,0.0
CA,U.S. Rep.,27,Judy Chu (D),I,WON,2018-11-06,JUDY CHU,D),,,,,,,,,,,,,,,,,,,,,,,,,
CA,U.S. Rep.,32,Grace F. Napolitano (D),I,WON,2018-11-06,GRACE F. NAPOLITANO,D),,,,,,,,,,,,,,,,,,,,,,,,,
CA,U.S. Rep.,35,Norma J. Torres (D),I,WON,2018-11-06,NORMA J. TORRES,D),,,,,,,,,,,,,,,,,,,,,,,,,
CA,U.S. Rep.,36,Kimberlin Brown Pelzer (R),C,WON,2018-11-06,KIMBERLIN BROWN PELZER,R),,,,,,,,,,,,,,,,,,,,,,,,,
CA,U.S. Rep.,37,Karen R. Bass (D),I,WON,2018-11-06,KAREN R. BASS,D),,,,,,,,,,,,,,,,,,,,,,,,,
CA,U.S. Rep.,38,Linda T. Sanchez (D),I,WON,2018-11-06,LINDA T. SANCHEZ,D),,,,,,,,,,,,,,,,,,,,,,,,,
CA,U.S. Rep.,39,Young Kim (R),O,WON,2018-11-06,YOUNG KIM,R),,,,,,,,,,,,,,,,,,,,,,,,,
CA,U.S. Rep.,40,Lucille Roybal-Allard (D),I,WON,2018-11-06,LUCILLE ROYBAL-ALLARD,D),,,,,,,,,,,,,,,,,,,,,,,,,
CA,U.S. Rep.,41,Aja Smith (R),C,WON,2018-11-06,AJA SMITH,R),,,,,,,,,,,,,,,,,,,,,,,,,
CA,U.S. Rep.,42,Julia C. Peacock (D),C,WON,2018-11-06,JULIA C. PEACOCK,D),,,,,,,,,,,,,,,,,,,,,,,,,
CA,U.S. Rep.,43,Maxine Waters (D),I,WON,2018-11-06,MAXINE WATERS,D),,,,,,,,,,,,,,,,,,,,,,,,,
CA,U.S. Rep.,44,Nanette Diaz Barragan (D),I,WON,2018-11-06,NANETTE DIAZ BARRAGAN,D),,,,,,,,,,,,,,,,,,,,,,,,,
CA,U.S. Rep.,45,Mimi Walters (R),I,WON,2018-11-06,MIMI WALTERS,R),H4CA45097,"WALTERS, MIMI",I,2.0,REP,2934611.03,1068314.74,1803270.3,0.0,393069.98,1524410.71,0.0,0.0,0.0,0.0,0.0,0.0,632440.32,CA,45.0,1226037.9,0.0,06/30/2018,235.0,2500.0
CA,U.S. Rep.,45,Katherine Porter (D),C,WON,2018-11-06,KATHERINE PORTER,D),H8CA45130,"PORTER, KATHERINE",C,1.0,DEM,2083717.55,49215.48,1302886.57,0.0,0.0,780830.98,257.65,0.0,0.0,0.0,0.0,5197.56,1866741.32,CA,45.0,154782.58,0.0,06/30/2018,13358.12,0.0
CA,U.S. Rep.,49,Diane L. Harkey (R),O,WON,2018-11-06,DIANE L. HARKEY,R),,,,,,,,,,,,,,,,,,,,,,,,,
CA,U.S. Rep.,53,Susan A. Davis (D),I,WON,2018-11-06,SUSAN A. DAVIS,D),,,,,,,,,,,,,,,,,,,,,,,,,
CA,U.S. Rep.,53,Morgan Murtaugh (R),C,WON,2018-11-06,MORGAN MURTAUGH,R),,,,,,,,,,,,,,,,,,,,,,,,,
CO,U.S. Rep.,1,Diana L. DeGette (D),I,WON,2018-11-06,DIANA L. DEGETTE,D),,,,,,,,,,,,,,,,,,,,,,,,,
CO,U.S. Rep.,3,Diane E. Mitsch Bush (D),C,WON,2018-11-06,DIANE E. MITSCH BUSH,D),,,,,,,,,,,,,,,,,,,,,,,,,
CO,U.S. Rep.,4,Karen A. McCormick (D),C,WON,2018-11-06,KAREN A. MCCORMICK,D),,,,,,,,,,,,,,,,,,,,,,,,,
CO,U.S. Rep.,5,Stephany Rose Spaulding (D),C,WON,2018-11-06,STEPHANY ROSE SPAULDING,D),,,,,,,,,,,,,,,,,,,,,,,,,
CT,U.S. Rep.,1,Jennifer T. Nye (R),C,WON,2018-11-06,JENNIFER T. NYE,R),,,,,,,,,,,,,,,,,,,,,,,,,
CT,U.S. Rep.,3,Rosa L. DeLauro (D),I,WON,2018-11-06,ROSA L. DELAURO,D),,,,,,,,,,,,,,,,,,,,,,,,,
CT,U.S. Rep.,5,Jahana Hayes (D),O,WON,2018-11-06,JAHANA HAYES,D),,,,,,,,,,,,,,,,,,,,,,,,,
DE,U.S. Rep.,AL,Lisa Blunt Rochester (D),I,WON,2018-11-06,LISA BLUNT ROCHESTER,D),,,,,,,,,,,,,,,,,,,,,,,,,
FL,U.S. Rep.,1,Jennifer Zimmerman (D),C,WON,2018-11-06,JENNIFER ZIMMERMAN,D),,,,,,,,,,,,,,,,,,,,,,,,,
FL,U.S. Rep.,3,Yvonne Hayes Hinson (D),C,WON,2018-11-06,YVONNE HAYES HINSON,D),,,,,,,,,,,,,,,,,,,,,,,,,
FL,U.S. Rep.,5,Virginia Fuller (R),C,WON,2018-11-06,VIRGINIA FULLER,R),,,,,,,,,,,,,,,,,,,,,,,,,
FL,U.S. Rep.,6,Nancy E. Soderberg (D),O,WON,2018-11-06,NANCY E. SODERBERG,D),,,,,,,,,,,,,,,,,,,,,,,,,
FL,U.S. Rep.,7,Stephanie Murphy (D),I,WON,2018-11-06,STEPHANIE MURPHY,D),H6FL07140,"MURPHY, STEPHANIE",I,1.0,DEM,2475261.45,37723.27,850679.64,0.0,12025.42,1636607.23,0.0,0.0,0.0,16000.0,0.0,0.0,1284278.9,FL,7.0,1145254.18,6994.33,08/08/2018,8897.14,1000.0
FL,U.S. Rep.,10,Val B. Demings (D),I,WON,2018-11-06,VAL B. DEMINGS,D),,,,,,,,,,,,,,,,,,,,,,,,,
FL,U.S. Rep.,11,Dana Cottrell (D),C,WON,2018-11-06,DANA COTTRELL,D),,,,,,,,,,,,,,,,,,,,,,,,,
FL,U.S. Rep.,14,Kathy A. Castor (D),I,WON,2018-11-06,KATHY A. CASTOR,D),,,,,,,,,,,,,,,,,,,,,,,,,
FL,U.S. Rep.,15,Kristen Carlson (D),O,WON,2018-11-06,KRISTEN CARLSON,D),,,,,,,,,,,,,,,,,,,,,,,,,
FL,U.S. Rep.,17,April J. Freeman (D),O,WON,2018-11-06,APRIL J. FREEMAN,D),,,,,,,,,,,,,,,,,,,,,,,,,
FL,U.S. Rep.,18,Lauren Baer (D),C,WON,2018-11-06,LAUREN BAER,D),,,,,,,,,,,,,,,,,,,,,,,,,
FL,U.S. Rep.,21,Lois J. Frankel (D),I,WON,2018-11-06,LOIS J. FRANKEL,D),,,,,,,,,,,,,,,,,,,,,,,,,
FL,U.S. Rep.,23,Debbie Wasserman Schultz (D),I,WON,2018-11-06,DEBBIE WASSERMAN SCHULTZ,D),H4FL20023,"WASSERMAN SCHULTZ, DEBBIE",I,1.0,DEM,1698527.13,51150.0,1374184.41,0.0,157161.11,481503.83,0.0,0.0,0.0,0.0,0.0,0.0,1211214.39,FL,23.0,412750.0,0.0,08/08/2018,30505.25,2500.0
FL,U.S. Rep.,24,Frederica S. Wilson (D),I,WON,2018-11-06,FREDERICA S. WILSON,D),,,,,,,,,,,,,,,,,,,,,,,,,
FL,U.S. Rep.,25,Mary Barzee Flores (D),C,WON,2018-11-06,MARY BARZEE FLORES,D),H8FL27086,"BARZEE FLORES, MARY",O,1.0,DEM,1268754.99,3500.0,707918.8,0.0,0.0,569336.19,0.0,0.0,0.0,0.0,0.0,0.0,1240254.99,FL,25.0,25000.0,0.0,08/08/2018,19955.0,0.0
FL,U.S. Rep.,26,Debbie Mucarsel-Powell (D),C,WON,2018-11-06,DEBBIE MUCARSEL-POWELL,D),H8FL26039,"MUCARSEL-POWELL, DEBBIE",C,1.0,DEM,1881076.0,265557.6,648285.92,0.0,0.0,1232790.08,1000.0,0.0,0.0,0.0,0.0,0.0,1435361.26,FL,26.0,178416.07,0.0,08/08/2018,8405.9,0.0
FL,U.S. Rep.,27,Donna Shalala (D),O,WON,2018-11-06,DONNA SHALALA,D),H8FL27193,"SHALALA, DONNA",O,1.0,DEM,2079216.26,750.0,1355896.82,0.0,0.0,723319.44,36859.87,500000.0,0.0,0.0,0.0,500000.0,1527340.07,FL,27.0,14200.0,0.0,08/08/2018,7100.0,0.0
FL,U.S. Rep.,27,Maria E. Salazar (R),O,WON,2018-11-06,MARIA E. SALAZAR,R),,,,,,,,,,,,,,,,,,,,,,,,,
GA,U.S. Rep.,1,Lisa M. Ring (D),C,WON,2018-11-06,LISA M. RING,D),,,,,,,,,,,,,,,,,,,,,,,,,
GA,U.S. Rep.,6,Karen Handel (R),I,WON,2018-11-06,KAREN HANDEL,R),,,,,,,,,,,,,,,,,,,,,,,,,
GA,U.S. Rep.,6,Lucy McBath (D),C,WON,2018-11-06,LUCY MCBATH,D),,,,,,,,,,,,,,,,,,,,,,,,,
GA,U.S. Rep.,7,Carolyn Bourdeaux (D),C,WON,2018-11-06,CAROLYN BOURDEAUX,D),,,,,,,,,,,,,,,,,,,,,,,,,
GA,U.S. Rep.,10,Tabitha Johnson-Green (D),C,WON,2018-11-06,TABITHA JOHNSON-GREEN,D),H8GA10197,"JOHNSON-GREEN, TABITHA",C,1.0,DEM,9452.86,1777.31,8787.39,0.0,0.0,665.47,5280.0,0.0,0.0,0.0,0.0,0.0,1795.16,GA,10.0,600.39,0.0,06/30/2018,75.0,0.0
HI,U.S. Sen.,,Mazie K. Hirono (D),I,WON,2018-11-06,MAZIE K. HIRONO,D),,,,,,,,,,,,,,,,,,,,,,,,,
HI,U.S. Rep.,2,Tulsi Gabbard (D),I,WON,2018-11-06,TULSI GABBARD,D),H2HI02508,"GABBARD, TULSI",I,1.0,DEM,1192079.72,233.41,1009440.71,0.0,2047500.05,2230139.06,0.0,0.0,0.0,0.0,0.0,0.0,1158283.49,HI,2.0,26700.0,0.0,07/22/2018,7954.95,11200.0
IA,U.S. Rep.,1,Abby Finkenauer (D),C,WON,2018-11-06,ABBY FINKENAUER,D),H8IA01094,"FINKENAUER, ABBY",C,1.0,DEM,1862401.01,89079.34,1023241.11,0.0,0.0,839159.9,0.0,0.0,0.0,0.0,0.0,0.0,1432268.16,IA,1.0,330286.84,10000.0,06/30/2018,330.0,0.0
IA,U.S. Rep.,3,Cindy Axne (D),C,WON,2018-11-06,CINDY AXNE,D),,,,,,,,,,,,,,,,,,,,,,,,,
ID,U.S. Rep.,1,Christina McNeil (D),O,WON,2018-11-06,CHRISTINA MCNEIL,D),,,,,,,,,,,,,,,,,,,,,,,,,
IL,U.S. Rep.,2,Robin L. Kelly (D),I,WON,2018-11-06,ROBIN L. KELLY,D),,,,,,,,,,,,,,,,,,,,,,,,,
IL,U.S. Rep.,9,Jan D. Schakowsky (D),I,WON,2018-11-06,JAN D. SCHAKOWSKY,D),,,,,,,,,,,,,,,,,,,,,,,,,
IL,U.S. Rep.,13,Betsy Dirksen Londrigan (D),C,WON,2018-11-06,BETSY DIRKSEN LONDRIGAN,D),H8IL13150,"LONDRIGAN, BETSY DIRKSEN",C,1.0,DEM,1348943.83,55333.67,690294.34,0.0,0.0,658649.49,14829.78,0.0,0.0,0.0,0.0,0.0,1132081.15,IL,13.0,144013.46,0.0,06/30/2018,4707.7,0.0
IL,U.S. Rep.,14,Lauren A. Underwood (D),C,WON,2018-11-06,LAUREN A. UNDERWOOD,D),,,,,,,,,,,,,,,,,,,,,,,,,
IL,U.S. Rep.,16,Sara Dady (D),C,WON,2018-11-06,SARA DADY,D),,,,,,,,,,,,,,,,,,,,,,,,,
IL,U.S. Rep.,17,Cheri L. Bustos (D),I,WON,2018-11-06,CHERI L. BUSTOS,D),,,,,,,,,,,,,,,,,,,,,,,,,
IN,U.S. Rep.,2,Jackie Swihart Walorski (R),I,WON,2018-11-06,JACKIE SWIHART WALORSKI,R),,,,,,,,,,,,,,,,,,,,,,,,,
IN,U.S. Rep.,3,Courtney Tritch (D),C,WON,2018-11-06,COURTNEY TRITCH,D),,,,,,,,,,,,,,,,,,,,,,,,,
IN,U.S. Rep.,4,Tobi Beck (D),O,WON,2018-11-06,TOBI BECK,D),,,,,,,,,,,,,,,,,,,,,,,,,
IN,U.S. Rep.,5,Susan W. Brooks (R),I,WON,2018-11-06,SUSAN W. BROOKS,R),,,,,,,,,,,,,,,,,,,,,,,,,
IN,U.S. Rep.,5,Dee Thornton (D),C,WON,2018-11-06,DEE THORNTON,D),,,,,,,,,,,,,,,,,,,,,,,,,
IN,U.S. Rep.,6,Jeannine Lee Lake (D),O,WON,2018-11-06,JEANNINE LEE LAKE,D),,,,,,,,,,,,,,,,,,,,,,,,,
IN,U.S. Rep.,9,Liz Watson (D),C,WON,2018-11-06,LIZ WATSON,D),,,,,,,,,,,,,,,,,,,,,,,,,
KS,U.S. Rep.,3,Sharice Davids (D),C,WON,2018-11-06,SHARICE DAVIDS,D),,,,,,,,,,,,,,,,,,,,,,,,,
KY,U.S. Rep.,3,Vickie Yates B. Glisson (R),C,WON,2018-11-06,VICKIE YATES B. GLISSON,R),,,,,,,,,,,,,,,,,,,,,,,,,
KY,U.S. Rep.,6,Amy McGrath (D),C,WON,2018-11-06,AMY MCGRATH,D),H8KY06164,"MCGRATH, AMY",C,1.0,DEM,3024975.32,159810.67,2291204.17,0.0,0.0,733771.15,3572.5,0.0,0.0,0.0,0.0,73747.57,2740631.64,KY,6.0,117952.47,0.0,06/30/2018,6844.39,0.0
MA,U.S. Sen.,,Elizabeth A. Warren (D),I,WON,2018-11-06,ELIZABETH A. WARREN,D),,,,,,,,,,,,,,,,,,,,,,,,,
MA,U.S. Rep.,2,Tracy Lovvorn (R),C,WON,2018-11-06,TRACY LOVVORN,R),,,,,,,,,,,,,,,,,,,,,,,,,
MA,U.S. Rep.,3,Lori Trahan (D),O,WON,2018-11-06,LORI TRAHAN,D),,,,,,,,,,,,,,,,,,,,,,,,,
MA,U.S. Rep.,5,Katherine M. Clark (D),I,WON,2018-11-06,KATHERINE M. CLARK,D),,,,,,,,,,,,,,,,,,,,,,,,,
MA,U.S. Rep.,7,Ayanna Pressley (D),O,WON,2018-11-06,AYANNA PRESSLEY,D),,,,,,,,,,,,,,,,,,,,,,,,,
MD,U.S. Rep.,2,Elizabeth Matory (R),C,WON,2018-11-06,ELIZABETH MATORY,R),,,,,,,,,,,,,,,,,,,,,,,,,
MD,U.S. Rep.,6,Amie Hoeber (R),O,WON,2018-11-06,AMIE HOEBER,R),,,,,,,,,,,,,,,,,,,,,,,,,
ME,U.S. Rep.,1,Chellie M. Pingree (D),I,WON,2018-11-06,CHELLIE M. PINGREE,D),,,,,,,,,,,,,,,,,,,,,,,,,
MI,U.S. Sen.,,Debbie A. Stabenow (D),I,WON,2018-11-06,DEBBIE A. STABENOW,D),,,,,,,,,,,,,,,,,,,,,,,,,
MI,U.S. Rep.,3,Cathy Albro (D),C,WON,2018-11-06,CATHY ALBRO,D),,,,,,,,,,,,,,,,,,,,,,,,,
MI,U.S. Rep.,7,Gretchen D. Driskell (D),C,WON,2018-11-06,GRETCHEN D. DRISKELL,D),,,,,,,,,,,,,,,,,,,,,,,,,
MI,U.S. Rep.,8,Elissa Slotkin (D),C,WON,2018-11-06,ELISSA SLOTKIN,D),H8MI08102,"SLOTKIN, ELISSA",C,1.0,DEM,3034436.97,523397.44,657058.72,0.0,0.0,2377378.25,0.0,10200.0,0.0,0.0,0.0,10200.0,2271145.56,MI,8.0,228007.26,339.32,07/18/2018,8591.76,2272.0
MI,U.S. Rep.,9,Candius Stearns (R),O,WON,2018-11-06,CANDIUS STEARNS,R),,,,,,,,,,,,,,,,,,,,,,,,,
MI,U.S. Rep.,10,Kimberly Bizon (D),C,WON,2018-11-06,KIMBERLY BIZON,D),,,,,,,,,,,,,,,,,,,,,,,,,
MI,U.S. Rep.,11,Haley Stevens (D),O,WON,2018-11-06,HALEY STEVENS,D),,,,,,,,,,,,,,,,,,,,,,,,,
MI,U.S. Rep.,11,Lena Epstein (R),O,WON,2018-11-06,LENA EPSTEIN,R),,,,,,,,,,,,,,,,,,,,,,,,,
MI,U.S. Rep.,12,Debbie Dingell (D),I,WON,2018-11-06,DEBBIE DINGELL,D),H4MI12079,"DINGELL, DEBBIE",I,1.0,DEM,869214.39,0.0,895068.83,255000.0,448488.87,422634.43,0.0,0.0,0.0,0.0,0.0,0.0,334142.83,MI,12.0,530450.0,0.0,07/18/2018,0.0,0.0
MI,U.S. Rep.,13,Rashida Tlaib (D),O,WON,2018-11-06,RASHIDA TLAIB,D),,,,,,,,,,,,,,,,,,,,,,,,,
MI,U.S. Rep.,14,Brenda L. Lawrence (D),I,WON,2018-11-06,BRENDA L. LAWRENCE,D),,,,,,,,,,,,,,,,,,,,,,,,,
MN,U.S. Sen.,,Amy Klobuchar (DFL),I,WON,2018-11-06,AMY KLOBUCHAR,DFL),S6MN00267,"KLOBUCHAR, AMY",I,1.0,DEM,5727506.0,571147.0,2432986.0,0.0,1881667.0,6038389.0,0.0,0.0,0.0,0.0,0.0,0.0,4105751.0,MN,0.0,1042922.0,5000.0,07/25/2018,49237.0,7500.0
MN,U.S. Rep.,2,Angela Craig (DFL),C,WON,2018-11-06,ANGELA CRAIG,DFL),,,,,,,,,,,,,,,,,,,,,,,,,
MN,U.S. Rep.,4,Betty McCollum (DFL),I,WON,2018-11-06,BETTY MCCOLLUM,DFL),,,,,,,,,,,,,,,,,,,,,,,,,
MN,U.S. Rep.,5,Jennifer L. Zielinski (R),O,WON,2018-11-06,JENNIFER L. ZIELINSKI,R),,,,,,,,,,,,,,,,,,,,,,,,,
MN,U.S. Rep.,5,Ilhan Omar (DFL),O,WON,2018-11-06,ILHAN OMAR,DFL),,,,,,,,,,,,,,,,,,,,,,,,,
MO,U.S. Sen.,,Claire McCaskill (D),I,WON,2018-11-06,CLAIRE MCCASKILL,D),,,,,,,,,,,,,,,,,,,,,,,,,
MO,U.S. Rep.,2,Ann L. Wagner (R),I,WON,2018-11-06,ANN L. WAGNER,R),,,,,,,,,,,,,,,,,,,,,,,,,
MO,U.S. Rep.,3,Katy Geppert (D),C,WON,2018-11-06,KATY GEPPERT,D),,,,,,,,,,,,,,,,,,,,,,,,,
MO,U.S. Rep.,4,Vicky Jo Hartzler (R),I,WON,2018-11-06,VICKY JO HARTZLER,R),,,,,,,,,,,,,,,,,,,,,,,,,
MO,U.S. Rep.,4,Suzanne Renee Hoagenson (D),C,WON,2018-11-06,SUZANNE RENEE HOAGENSON,D),,,,,,,,,,,,,,,,,,,,,,,,,
MO,U.S. Rep.,8,Kathryn Ellis (D),C,WON,2018-11-06,KATHRYN ELLIS,D),,,,,,,,,,,,,,,,,,,,,,,,,
MT,U.S. Rep.,AL,Kathleen Williams (D),C,WON,2018-11-06,KATHLEEN WILLIAMS,D),,,,,,,,,,,,,,,,,,,,,,,,,
NC,U.S. Rep.,2,Linda D. Coleman (D),C,WON,2018-11-06,LINDA D. COLEMAN,D),,,,,,,,,,,,,,,,,,,,,,,,,
NC,U.S. Rep.,5,Virginia A. Foxx (R),I,WON,2018-11-06,VIRGINIA A. FOXX,R),,,,,,,,,,,,,,,,,,,,,,,,,
NC,U.S. Rep.,5,Denise Darcel Adams (D),C,WON,2018-11-06,DENISE DARCEL ADAMS,D),,,,,,,,,,,,,,,,,,,,,,,,,
NC,U.S. Rep.,7,Kyle Horton (D),C,WON,2018-11-06,KYLE HORTON,D),,,,,,,,,,,,,,,,,,,,,,,,,
NC,U.S. Rep.,12,Alma S. Adams (D),I,WON,2018-11-06,ALMA S. ADAMS,D),,,,,,,,,,,,,,,,,,,,,,,,,
NC,U.S. Rep.,13,Kathy Manning (D),C,WON,2018-11-06,KATHY MANNING,D),,,,,,,,,,,,,,,,,,,,,,,,,
ND,U.S. Sen.,,Heidi Heitkamp (D-NPL),I,WON,2018-11-06,HEIDI HEITKAMP,D-NPL),S2ND00099,"HEITKAMP, HEIDI",I,1.0,DEM,8955106.0,601817.0,4337427.0,0.0,618450.0,5236129.0,0.0,0.0,0.0,0.0,0.0,0.0,5870174.0,ND,0.0,2457910.0,1000.0,06/30/2018,63578.0,20300.0
NE,U.S. Sen.,,Deb Fischer (R),I,WON,2018-11-06,DEB FISCHER,R),,,,,,,,,,,,,,,,,,,,,,,,,
NE,U.S. Sen.,,Jane Raybould (D),C,WON,2018-11-06,JANE RAYBOULD,D),,,,,,,,,,,,,,,,,,,,,,,,,
NE,U.S. Rep.,1,Jessica McClure (D),C,WON,2018-11-06,JESSICA MCCLURE,D),,,,,,,,,,,,,,,,,,,,,,,,,
NE,U.S. Rep.,2,Kara Eastman (D),C,WON,2018-11-06,KARA EASTMAN,D),,,,,,,,,,,,,,,,,,,,,,,,,
NH,U.S. Rep.,2,Ann McLane Kuster (D),I,WON,2018-11-06,ANN MCLANE KUSTER,D),H0NH02181,"KUSTER, ANN MCLANE",I,1.0,DEM,2783118.49,39983.48,1072595.87,0.0,1068428.12,2778950.74,0.0,0.0,0.0,0.0,0.0,0.0,1765875.1,NH,2.0,963590.9,3421.41,08/22/2018,19219.07,0.0
NJ,U.S. Rep.,11,Mikie Sherrill (D),O,WON,2018-11-06,MIKIE SHERRILL,D),,,,,,,,,,,,,,,,,,,,,,,,,
NJ,U.S. Rep.,12,Bonnie Watson Coleman (D),I,WON,2018-11-06,BONNIE WATSON COLEMAN,D),,,,,,,,,,,,,,,,,,,,,,,,,
NM,U.S. Rep.,1,Debra A. Haaland (D),O,WON,2018-11-06,DEBRA A. HAALAND,D),,,,,,,,,,,,,,,,,,,,,,,,,
NM,U.S. Rep.,1,Janice Arnold-Jones (R),O,WON,2018-11-06,JANICE ARNOLD-JONES,R),,,,,,,,,,,,,,,,,,,,,,,,,
NM,U.S. Rep.,2,Yvette Herrell (R),O,WON,2018-11-06,YVETTE HERRELL,R),,,,,,,,,,,,,,,,,,,,,,,,,
NM,U.S. Rep.,2,Xochitl Torres Small (D),O,WON,2018-11-06,XOCHITL TORRES SMALL,D),H8NM02248,"TORRES SMALL, XOCHITL",O,1.0,DEM,934714.79,29000.0,438734.44,0.0,0.0,495980.35,0.0,0.0,0.0,0.0,0.0,6330.53,686043.47,NM,2.0,215625.39,0.0,06/30/2018,2250.09,0.0
NV,U.S. Sen.,,Jacklyn S. Rosen (D),C,WON,2018-11-06,JACKLYN S. ROSEN,D),,,,,,,,,,,,,,,,,,,,,,,,,
NV,U.S. Rep.,1,Dina C. Titus (D),I,WON,2018-11-06,DINA C. TITUS,D),,,,,,,,,,,,,,,,,,,,,,,,,
NV,U.S. Rep.,1,Joyce F. Bentley (R),C,WON,2018-11-06,JOYCE F. BENTLEY,R),,,,,,,,,,,,,,,,,,,,,,,,,
NV,U.S. Rep.,3,Susie Lee (D),O,WON,2018-11-06,SUSIE LEE,D),H8NV03200,"LEE, SUSIE",O,1.0,DEM,2137489.52,345077.91,998498.95,0.0,0.0,1138990.57,6454.33,0.0,0.0,0.0,0.0,0.0,1430977.82,NV,3.0,351512.3,3413.03,06/30/2018,8208.84,0.0
NY,U.S. Sen.,,Kirsten E. Gillibrand (D),I,WON,2018-11-06,KIRSTEN E. GILLIBRAND,D),,,,,,,,,,,,,,,,,,,,,,,,,
NY,U.S. Sen.,,Chele Chiavacci Farley (R),C,WON,2018-11-06,CHELE CHIAVACCI FARLEY,R),,,,,,,,,,,,,,,,,,,,,,,,,
NY,U.S. Rep.,2,Liuba Grechen Shirley (D),C,WON,2018-11-06,LIUBA GRECHEN SHIRLEY,D),,,,,,,,,,,,,,,,,,,,,,,,,
NY,U.S. Rep.,4,Kathleen M. Rice (D),I,WON,2018-11-06,KATHLEEN M. RICE,D),,,,,,,,,,,,,,,,,,,,,,,,,
NY,U.S. Rep.,6,Grace Meng (D),I,WON,2018-11-06,GRACE MENG,D),,,,,,,,,,,,,,,,,,,,,,,,,
NY,U.S. Rep.,7,Nydia M. Velazquez (D),I,WON,2018-11-06,NYDIA M. VELAZQUEZ,D),,,,,,,,,,,,,,,,,,,,,,,,,
NY,U.S. Rep.,9,Yvette D. Clarke (D),I,WON,2018-11-06,YVETTE D. CLARKE,D),,,,,,,,,,,,,,,,,,,,,,,,,
NY,U.S. Rep.,10,Naomi Levin (R),C,WON,2018-11-06,NAOMI LEVIN,R),,,,,,,,,,,,,,,,,,,,,,,,,
NY,U.S. Rep.,12,Carolyn B. Maloney (D),I,WON,2018-11-06,CAROLYN B. MALONEY,D),,,,,,,,,,,,,,,,,,,,,,,,,
NY,U.S. Rep.,13,Jineea Butler (R),C,WON,2018-11-06,JINEEA BUTLER,R),,,,,,,,,,,,,,,,,,,,,,,,,
NY,U.S. Rep.,14,Alexandria Ocasio-Cortez (D),O,WON,2018-11-06,ALEXANDRIA OCASIO-CORTEZ,D),,,,,,,,,,,,,,,,,,,,,,,,,
NY,U.S. Rep.,17,Nita M. Lowey (D),I,WON,2018-11-06,NITA M. LOWEY,D),,,,,,,,,,,,,,,,,,,,,,,,,
NY,U.S. Rep.,21,Elise M. Stefanik (R),I,WON,2018-11-06,ELISE M. STEFANIK,R),,,,,,,,,,,,,,,,,,,,,,,,,
NY,U.S. Rep.,21,Tedra L. Cobb (D),C,WON,2018-11-06,TEDRA L. COBB,D),,,,,,,,,,,,,,,,,,,,,,,,,
NY,U.S. Rep.,22,Claudia Tenney (R),I,WON,2018-11-06,CLAUDIA TENNEY,R),,,,,,,,,,,,,,,,,,,,,,,,,
NY,U.S. Rep.,23,Tracy Mitrano (D),C,WON,2018-11-06,TRACY MITRANO,D),,,,,,,,,,,,,,,,,,,,,,,,,
NY,U.S. Rep.,24,Dana Balter (D),C,WON,2018-11-06,DANA BALTER,D),H8NY24090,"BALTER, DANA",C,1.0,DEM,456545.68,357.7,343722.96,0.0,0.0,113305.11,0.0,0.0,0.0,0.0,0.0,29935.1,437587.98,NY,24.0,18600.0,0.0,06/30/2018,0.0,0.0
NY,U.S. Rep.,26,Renee M. Zeno (R),C,WON,,RENEE M. ZENO,R),,,,,,,,,,,,,,,,,,,,,,,,,
OH,U.S. Rep.,2,Jill Schiller (D),C,WON,2018-11-06,JILL SCHILLER,D),,,,,,,,,,,,,,,,,,,,,,,,,
OH,U.S. Rep.,3,Joyce B. Beatty (D),I,WON,2018-11-06,JOYCE B. BEATTY,D),,,,,,,,,,,,,,,,,,,,,,,,,
OH,U.S. Rep.,4,Janet Garrett (D),C,WON,2018-11-06,JANET GARRETT,D),,,,,,,,,,,,,,,,,,,,,,,,,
OH,U.S. Rep.,6,Shawna Roberts (D),C,WON,2018-11-06,SHAWNA ROBERTS,D),H8OH06133,"ROBERTS, SHAWNA",C,1.0,DEM,6241.45,601.18,4423.03,0.0,0.0,2671.24,0.0,0.0,85.02,0.0,0.0,0.0,5555.25,OH,6.0,0.0,0.0,06/30/2018,0.0,0.0
OH,U.S. Rep.,8,Vanessa L. Enoch (D),C,WON,2018-11-06,VANESSA L. ENOCH,D),,,,,,,,,,,,,,,,,,,,,,,,,
OH,U.S. Rep.,9,Marcy C. Kaptur (D),I,WON,2018-11-06,MARCY C. KAPTUR,D),,,,,,,,,,,,,,,,,,,,,,,,,
OH,U.S. Rep.,10,Theresa Gasper (D),C,WON,2018-11-06,THERESA GASPER,D),,,,,,,,,,,,,,,,,,,,,,,,,
OH,U.S. Rep.,11,Marcia L. Fudge (D),I,WON,2018-11-06,MARCIA L. FUDGE,D),,,,,,,,,,,,,,,,,,,,,,,,,
OH,U.S. Rep.,11,Beverly Goldstein (R),C,WON,2018-11-06,BEVERLY GOLDSTEIN,R),,,,,,,,,,,,,,,,,,,,,,,,,
OH,U.S. Rep.,14,Betsy Rader (D),C,WON,2018-11-06,BETSY RADER,D),,,,,,,,,,,,,,,,,,,,,,,,,
OH,U.S. Rep.,16,Susan Moran Palmer (D),O,WON,2018-11-06,SUSAN MORAN PALMER,D),,,,,,,,,,,,,,,,,,,,,,,,,
OK,U.S. Rep.,4,Mary Brannon (D),C,WON,2018-11-06,MARY BRANNON,D),,,,,,,,,,,,,,,,,,,,,,,,,
OK,U.S. Rep.,5,Kendra Horn (D),C,WON,2018-11-06,KENDRA HORN,D),,,,,,,,,,,,,,,,,,,,,,,,,
OR,U.S. Rep.,1,Suzanne M. Bonamici (D),I,WON,2018-11-06,SUZANNE M. BONAMICI,D),,,,,,,,,,,,,,,,,,,,,,,,,
OR,U.S. Rep.,2,Jamie McLeod-Skinner (D),C,WON,2018-11-06,JAMIE MCLEOD-SKINNER,D),,,,,,,,,,,,,,,,,,,,,,,,,
PA,U.S. Rep.,4,Madeleine Dean (D),O,WON,2018-11-06,MADELEINE DEAN,D),,,,,,,,,,,,,,,,,,,,,,,,,
PA,U.S. Rep.,5,Pearl Kim (R),O,WON,2018-11-06,PEARL KIM,R),,,,,,,,,,,,,,,,,,,,,,,,,
PA,U.S. Rep.,5,Mary Gay Scanlon (D),O,WON,2018-11-06,MARY GAY SCANLON,D),,,,,,,,,,,,,,,,,,,,,,,,,
PA,U.S. Rep.,6,Chrissy Houlahan (D),O,WON,2108-11-06,CHRISSY HOULAHAN,D),H8PA06087,"HOULAHAN, CHRISSY",O,1.0,DEM,2812010.0,288316.94,609762.04,0.0,0.0,2202247.96,0.0,50000.0,0.0,0.0,0.0,50000.0,2164825.06,PA,6.0,308619.96,248.04,06/30/2018,6267.43,0.0
PA,U.S. Rep.,7,Susan Ellis Wild (D),O,WON,2018-11-06,SUSAN ELLIS WILD,D),,,,,,,,,,,,,,,,,,,,,,,,,
PA,U.S. Rep.,11,Jessica King (D),C,WON,2018-11-06,JESSICA KING,D),,,,,,,,,,,,,,,,,,,,,,,,,
PA,U.S. Rep.,14,Bibiana Boerio (D),O,WON,2018-11-06,BIBIANA BOERIO,D),,,,,,,,,,,,,,,,,,,,,,,,,
PA,U.S. Rep.,15,Susan Boser (D),C,WON,2018-11-06,SUSAN BOSER,D),,,,,,,,,,,,,,,,,,,,,,,,,
SC,U.S. Rep.,1,Katherine E. Arrington (R),O,WON,2018-11-06,KATHERINE E. ARRINGTON,R),,,,,,,,,,,,,,,,,,,,,,,,,
SC,U.S. Rep.,3,Mary Smith Geren (D),C,WON,2018-11-06,MARY SMITH GEREN,D),H8SC03070,"GEREN, MARY SMITH",C,1.0,DEM,154751.74,0.0,137866.3,70.96,0.0,16885.44,0.0,0.0,0.0,0.0,0.0,0.0,149751.74,SC,3.0,5000.0,0.0,06/30/2018,0.0,0.0
TN,U.S. Sen.,,Marsha Blackburn (R),O,WON,2018-11-06,MARSHA BLACKBURN,R),,,,,,,,,,,,,,,,,,,,,,,,,
TN,U.S. Rep.,2,Renee Hoyos (D),O,WON,2018-11-06,RENEE HOYOS,D),,,,,,,,,,,,,,,,,,,,,,,,,
TN,U.S. Rep.,3,Danielle Mitchell (D),C,WON,2018-11-06,DANIELLE MITCHELL,D),,,,,,,,,,,,,,,,,,,,,,,,,
TN,U.S. Rep.,4,Mariah N. Phillips (D),C,WON,2018-11-06,MARIAH N. PHILLIPS,D),,,,,,,,,,,,,,,,,,,,,,,,,
TN,U.S. Rep.,8,Erika Stotts Pearson (D),C,WON,2018-11-06,ERIKA STOTTS PEARSON,D),,,,,,,,,,,,,,,,,,,,,,,,,
TN,U.S. Rep.,9,Charlotte Bergmann (R),C,WON,2018-11-06,CHARLOTTE BERGMANN,R),,,,,,,,,,,,,,,,,,,,,,,,,
TX,U.S. Rep.,1,Shirley J. McKellar (D),C,WON,2018-11-06,SHIRLEY J. MCKELLAR,D),,,,,,,,,,,,,,,,,,,,,,,,,
TX,U.S. Rep.,3,Lorie L. Burch (D),O,WON,2018-11-06,LORIE L. BURCH,D),,,,,,,,,,,,,,,,,,,,,,,,,
TX,U.S. Rep.,4,Catherine Krantz (D),C,WON,2018-11-06,CATHERINE KRANTZ,D),H8TX04162,"KRANTZ, CATHERINE",C,1.0,DEM,23481.02,0.0,14261.87,85.0,0.0,9219.15,0.0,325.0,10155.0,325.0,0.0,10155.0,12841.02,TX,4.0,0.0,160.0,06/30/2018,0.0,0.0
TX,U.S. Rep.,6,Jana L. Sanchez (D),O,WON,2018-11-06,JANA L. SANCHEZ,D),,,,,,,,,,,,,,,,,,,,,,,,,
TX,U.S. Rep.,7,Elizabeth Pannill Fletcher (D),C,WON,2018-11-06,ELIZABETH PANNILL FLETCHER,D),,,,,,,,,,,,,,,,,,,,,,,,,
TX,U.S. Rep.,11,Jennie Lou Leeder (D),C,WON,2018-11-06,JENNIE LOU LEEDER,D),,,,,,,,,,,,,,,,,,,,,,,,,
TX,U.S. Rep.,12,Kay N. Granger (R),I,WON,2018-11-06,KAY N. GRANGER,R),,,,,,,,,,,,,,,,,,,,,,,,,
TX,U.S. Rep.,12,Vanessa M. Adia (D),C,WON,2018-11-06,VANESSA M. ADIA,D),,,,,,,,,,,,,,,,,,,,,,,,,
TX,U.S. Rep.,14,Adrienne Bell (D),C,WON,2018-11-06,ADRIENNE BELL,D),,,,,,,,,,,,,,,,,,,,,,,,,
TX,U.S. Rep.,16,Veronica Escobar (D),O,WON,2018-11-06,VERONICA ESCOBAR,D),H8TX16109,"ESCOBAR, VERONICA",O,1.0,DEM,1185637.69,67880.07,947185.43,0.0,0.0,238452.26,0.0,0.0,0.0,0.0,0.0,0.0,842563.54,TX,16.0,269590.11,4000.0,06/30/2018,17597.15,0.0
TX,U.S. Rep.,18,Sheila Jackson Lee (D),I,WON,2018-11-06,SHEILA JACKSON LEE,D),,,,,,,,,,,,,,,,,,,,,,,,,
TX,U.S. Rep.,18,Ava Pate (R),C,WON,2018-11-06,AVA PATE,R),,,,,,,,,,,,,,,,,,,,,,,,,
TX,U.S. Rep.,23,Gina Ortiz Jones (D),C,WON,2018-11-06,GINA ORTIZ JONES,D),H8TX23121,"JONES, GINA ORTIZ",C,1.0,DEM,2286964.87,449219.41,1109038.24,0.0,0.0,1177926.63,200.0,0.0,0.0,0.0,0.0,0.0,1592221.76,TX,23.0,241323.53,4000.0,06/30/2018,5073.98,0.0
TX,U.S. Rep.,24,Jan McDowell (D),C,WON,2018-11-06,JAN MCDOWELL,D),,,,,,,,,,,,,,,,,,,,,,,,,
TX,U.S. Rep.,25,Julie K. Oliver (D),C,WON,2018-11-06,JULIE K. OLIVER,D),,,,,,,,,,,,,,,,,,,,,,,,,
TX,U.S. Rep.,26,Linsey E. Fagan (D),C,WON,2018-11-06,LINSEY E. FAGAN,D),,,,,,,,,,,,,,,,,,,,,,,,,
TX,U.S. Rep.,29,Sylvia R. Garcia (D),O,WON,2018-11-06,SYLVIA R. GARCIA,D),,,,,,,,,,,,,,,,,,,,,,,,,
TX,U.S. Rep.,30,Eddie Bernice Johnson (D),I,WON,2018-11-06,EDDIE BERNICE JOHNSON,D),,,,,,,,,,,,,,,,,,,,,,,,,
TX,U.S. Rep.,31,MJ Hegar (D),C,WON,2018-11-06,MJ HEGAR,D),,,,,,,,,,,,,,,,,,,,,,,,,
TX,U.S. Rep.,36,Dayna Steele (D),C,WON,2018-11-06,DAYNA STEELE,D),,,,,,,,,,,,,,,,,,,,,,,,,
VA,U.S. Rep.,1,Vangie Williams (D),C,WON,2018-11-06,VANGIE WILLIAMS,D),,,,,,,,,,,,,,,,,,,,,,,,,
VA,U.S. Rep.,2,Elaine G. Luria (D),C,WON,2018-11-06,ELAINE G. LURIA,D),,,,,,,,,,,,,,,,,,,,,,,,,
VA,U.S. Rep.,5,Leslie Cockburn (D),O,WON,2018-11-06,LESLIE COCKBURN,D),,,,,,,,,,,,,,,,,,,,,,,,,
VA,U.S. Rep.,6,Jennifer L. Lewis (D),O,WON,2018-11-06,JENNIFER L. LEWIS,D),,,,,,,,,,,,,,,,,,,,,,,,,
VA,U.S. Rep.,7,Abigail D. Spanberger (D),C,WON,2018-11-06,ABIGAIL D. SPANBERGER,D),,,,,,,,,,,,,,,,,,,,,,,,,
VA,U.S. Rep.,10,Barbara J. Comstock (R),I,WON,2018-11-06,BARBARA J. COMSTOCK,R),,,,,,,,,,,,,,,,,,,,,,,,,
VA,U.S. Rep.,10,Jennifer Wexton (D),C,WON,2018-11-06,JENNIFER WEXTON,D),,,,,,,,,,,,,,,,,,,,,,,,,
VT,U.S. Rep.,AL,Anya Tynio (R),C,WON,2018-11-06,ANYA TYNIO,R),,,,,,,,,,,,,,,,,,,,,,,,,
WA,U.S. Sen.,,Maria Cantwell (D),I,WON,2018-11-06,MARIA CANTWELL,D),S8WA00194,"CANTWELL, MARIA",I,1.0,DEM,7480742.0,232571.0,3129766.0,0.0,806383.0,5157361.0,0.0,0.0,0.0,0.0,0.0,2230955.0,7209232.0,WA,0.0,23500.0,1000.0,07/18/2018,85375.0,0.0
WA,U.S. Sen.,,Susan Hutchison (R),C,WON,2018-11-06,SUSAN HUTCHISON,R),,,,,,,,,,,,,,,,,,,,,,,,,
WA,U.S. Rep.,1,Suzan K. DelBene (D),I,WON,2018-11-06,SUZAN K. DELBENE,D),,,,,,,,,,,,,,,,,,,,,,,,,
WA,U.S. Rep.,3,Jaime L. Herrera Beutler (R),I,WON,2018-11-06,JAIME L. HERRERA BEUTLER,R),,,,,,,,,,,,,,,,,,,,,,,,,
WA,U.S. Rep.,3,Carolyn Long (D),C,WON,2018-11-06,CAROLYN LONG,D),,,,,,,,,,,,,,,,,,,,,,,,,
WA,U.S. Rep.,4,Christine C. Brown (D),C,WON,2018-11-06,CHRISTINE C. BROWN,D),,,,,,,,,,,,,,,,,,,,,,,,,
WA,U.S. Rep.,5,Cathy McMorris Rodgers (R),I,WON,2018-11-06,CATHY MCMORRIS RODGERS,R),,,,,,,,,,,,,,,,,,,,,,,,,
WA,U.S. Rep.,5,Lisa Brown (D),C,WON,2018-11-06,LISA BROWN,D),,,,,,,,,,,,,,,,,,,,,,,,,
WA,U.S. Rep.,7,Pramila Jayapal (D),I,WON,2018-11-06,PRAMILA JAYAPAL,D),,,,,,,,,,,,,,,,,,,,,,,,,
WA,U.S. Rep.,8,Kim Schrier (D),O,WON,2018-11-06,KIM SCHRIER,D),,,,,,,,,,,,,,,,,,,,,,,,,
WA,U.S. Rep.,9,Sarah Smith (D),C,WON,2018-11-06,SARAH SMITH,D),,,,,,,,,,,,,,,,,,,,,,,,,
WI,U.S. Sen.,,Tammy Baldwin (D),I,WON,2018-11-06,TAMMY BALDWIN,D),,,,,,,,,,,,,,,,,,,,,,,,,
WI,U.S. Sen.,,Leah Vukmir (R),C,WON,2018-11-06,LEAH VUKMIR,R),,,,,,,,,,,,,,,,,,,,,,,,,
WI,U.S. Rep.,4,Gwen S. Moore (D),I,WON,2018-11-06,GWEN S. MOORE,D),,,,,,,,,,,,,,,,,,,,,,,,,
WI,U.S. Rep.,7,Margaret R. Engebretson (D),C,WON,2018-11-06,MARGARET R. ENGEBRETSON,D),,,,,,,,,,,,,,,,,,,,,,,,,
WV,U.S. Rep.,1,Kendra Jean Huard Fershee (D),C,WON,2018-11-06,KENDRA JEAN HUARD FERSHEE,D),,,,,,,,,,,,,,,,,,,,,,,,,
WV,U.S. Rep.,2,R. Talley Sergent (D),C,WON,2018-11-06,R. TALLEY SERGENT,D),,,,,,,,,,,,,,,,,,,,,,,,,
WV,U.S. Rep.,3,Carol D. Miller (R),O,WON,2018-11-06,CAROL D. MILLER,R),,,,,,,,,,,,,,,,,,,,,,,,,
WY,U.S. Rep.,AL,Liz L. Cheney (R),I,WON,2018-11-06,LIZ L. CHENEY,R),,,,,,,,,,,,,,,,,,,,,,,,,
,,,,,,,NAN,,,,,,,,,,,,,,,,,,,,,,,,,,
,,,,,,,BRADLEY ROBERTS BYRNE,,H4AL01123,"BYRNE, BRADLEY ROBERTS",I,2.0,REP,1001925.17,58737.6,533325.02,0.0,446318.33,914918.48,0.0,0.0,0.0,0.0,0.0,0.0,200181.59,AL,1.0,742250.0,663.98,06/30/2018,100.0,0.0
,,,,,,,ANN KIRKPATRICK,,H8AZ02151,"KIRKPATRICK, ANN",O,1.0,DEM,1949696.58,81940.92,1613883.03,0.0,0.0,335813.55,2700.0,0.0,0.0,0.0,0.0,0.0,1529324.73,AZ,2.0,332416.83,543.85,08/08/2018,7425.76,0.0
,,,,,,,RAUL M GRIJALVA,,H2AZ07070,"GRIJALVA, RAUL M",I,1.0,DEM,542667.83,4440.43,450551.11,0.0,58150.29,150267.01,0.0,0.0,0.0,0.0,0.0,4015.59,330584.23,AZ,3.0,205000.0,0.0,08/08/2018,300.0,1500.0
,,,,,,,PAUL DR. GOSAR,,H0AZ01259,"GOSAR, PAUL DR.",I,2.0,REP,422481.22,16108.36,257861.7,0.0,107593.03,272212.55,0.0,0.0,0.0,0.0,0.0,0.0,248323.62,AZ,4.0,157900.0,0.0,08/08/2018,6110.0,0.0
,,,,,,,RUBEN GALLEGO,,H4AZ07043,"GALLEGO, RUBEN",I,1.0,DEM,837253.88,1500.72,641109.9,0.0,383260.79,579404.77,0.0,0.0,0.0,0.0,0.0,0.0,397353.3,AZ,7.0,438199.86,0.0,08/08/2018,1000.0,0.0
,,,,,,,BRIANNA WESTBROOK,,H8AZ08059,"WESTBROOK, BRIANNA",O,1.0,DEM,42870.67,0.0,38439.89,3829.21,0.0,0.0,275.0,0.0,0.0,0.0,0.0,0.0,39170.67,AZ,8.0,250.0,3175.0,06/30/2018,0.0,0.0
,,,,,,,GREG STANTON,,H8AZ09040,"STANTON, GREG",O,1.0,DEM,1722196.32,56376.59,511134.81,0.0,0.0,1211061.51,0.0,0.0,0.0,0.0,0.0,0.0,1475586.24,AZ,9.0,190233.49,0.0,08/08/2018,0.0,0.0
,,,,,,,JARED HUFFMAN,,H2CA06259,"HUFFMAN, JARED",I,1.0,DEM,734206.21,4743.75,594837.83,0.0,600808.34,740176.72,0.0,0.0,0.0,0.0,0.0,0.0,447044.47,CA,2.0,279640.5,27.45,06/30/2018,9334.94,3000.0
,,,,,,,PAUL COOK,,H2CA08164,"COOK, PAUL",I,2.0,REP,757325.27,5529.5,783696.35,0.0,571214.27,544843.19,0.0,0.0,0.0,0.0,0.0,0.0,232635.41,CA,8.0,516149.0,0.0,06/30/2018,5900.0,0.0
,,,,,,,JOSH HARDER,,H8CA10126,"HARDER, JOSH",C,1.0,DEM,2550405.08,43200.0,1491514.78,0.0,0.0,1058890.3,0.0,0.0,0.0,0.0,0.0,0.0,2381945.89,CA,10.0,116758.73,0.0,06/30/2018,21921.9,0.0
,,,,,,,JEFF DENHAM,,H0CA19173,"DENHAM, JEFF",I,2.0,REP,3466179.74,433233.14,1398338.23,0.0,326702.36,2394293.87,0.0,0.0,0.0,0.0,0.0,16832.16,1132036.9,CA,10.0,1898115.21,0.0,06/30/2018,14176.0,5000.0
,,,,,,,ERIC MICHAEL SWALWELL,,H2CA15094,"SWALWELL, ERIC MICHAEL",I,1.0,DEM,2131974.93,1500.7,1646895.37,0.0,1014123.0,1499202.56,0.0,0.0,0.0,0.0,0.0,0.0,1392320.79,CA,15.0,720480.0,230.12,06/30/2018,17045.14,2500.0
,,,,,,,TERRANCE JOHN (TJ) COX,,H8CA10167,"COX, TERRANCE JOHN (TJ)",C,1.0,DEM,1326531.95,28000.0,375245.23,0.0,0.0,951286.72,8000.0,257500.0,0.0,0.0,0.0,257500.0,832113.11,CA,21.0,195360.82,5100.0,06/30/2018,6064.43,0.0
,,,,,,,KEVIN MCCARTHY,,H6CA22125,"MCCARTHY, KEVIN",I,2.0,REP,6583490.15,3594651.59,3965736.11,0.0,1517819.17,4135573.21,0.0,0.0,0.0,0.0,0.0,10000.0,437991.45,CA,23.0,2541400.0,0.0,06/30/2018,2600.0,7500.0
,,,,,,,SALUD CARBAJAL,,H6CA24303,"CARBAJAL, SALUD",I,1.0,DEM,2223453.59,11068.55,711479.52,0.0,52291.86,1564265.93,0.0,0.0,0.0,0.0,0.0,0.0,1579628.98,CA,24.0,625334.41,2216.67,06/30/2018,5672.96,0.0
,,,,,,,KATHERINE LAUREN HILL,,H8CA25074,"HILL, KATHERINE LAUREN",C,1.0,DEM,2451456.61,29459.72,1598614.93,0.0,0.0,852841.68,13938.06,0.0,0.0,0.0,0.0,0.0,2215921.16,CA,25.0,192137.67,0.0,06/30/2018,9415.44,0.0
,,,,,,,ADAM SCHIFF,,H0CA27085,"SCHIFF, ADAM",I,1.0,DEM,4638216.46,340077.75,2402399.51,0.0,2106413.18,4342230.13,0.0,0.0,0.0,0.0,0.0,0.0,3888720.61,CA,28.0,387250.0,0.0,06/30/2018,12600.13,0.0
,,,,,,,TONY CARDENAS,,H2CA28113,"CARDENAS, TONY",I,1.0,DEM,1223155.6,0.0,1159805.11,10000.0,283826.51,347177.0,0.0,0.0,0.0,0.0,0.0,0.0,495419.02,CA,29.0,730150.97,27.45,06/30/2018,13701.8,0.0
,,,,,,,XAVIER BECERRA,,H2CA30143,"BECERRA, XAVIER",I,1.0,DEM,39414.29,5587.48,117661.48,0.0,1488152.88,1409905.69,0.0,0.0,0.0,0.0,0.0,0.0,226.28,CA,34.0,0.0,0.0,06/30/2018,0.0,0.0
,,,,,,,RAUL DR RUIZ,,H2CA36439,"RUIZ, RAUL DR",I,1.0,DEM,2595292.84,17828.55,1142216.69,0.0,990316.4,2443392.55,0.0,0.0,0.0,0.0,0.0,0.0,1546747.11,CA,36.0,1019875.0,3302.67,06/30/2018,31216.52,0.0
,,,,,,,MAI-KHANH TRAN,,H8CA39158,"TRAN, MAI-KHANH",O,1.0,DEM,1549901.96,19624.26,1549901.96,0.0,0.0,0.0,0.0,780000.0,0.0,47926.16,0.0,732073.84,719047.06,CA,39.0,27600.0,0.0,09/10/2018,130231.26,0.0
,,,,,,,GILBERT CISNEROS,,H8CA39174,"CISNEROS, GILBERT",O,1.0,DEM,5512129.68,133546.97,4751703.09,0.0,0.0,760426.59,52761.86,4500000.0,0.0,0.0,0.0,250000.0,785813.2,CA,39.0,34150.0,149.0,06/30/2018,2891.67,3700.0
,,,,,,,ED MR. ROYCE,,H6CA39020,"ROYCE, ED MR.",I,2.0,REP,2180483.28,238400.43,2277823.82,0.0,2807900.8,2710560.26,0.0,0.0,0.0,0.0,0.0,0.0,1256985.74,CA,39.0,643150.0,0.0,06/30/2018,499512.37,88700.0
,,,,,,,MARK TAKANO,,H2CA43245,"TAKANO, MARK",I,1.0,DEM,811777.78,8350.0,678294.57,0.0,116212.76,249695.97,0.0,0.0,0.0,0.0,0.0,0.0,572043.82,CA,41.0,228600.0,0.0,06/30/2018,5537.88,0.0
,,,,,,,TONY ZARKADES,,H8CA48050,"ZARKADES, TONY",C,1.0,DEM,2200.0,135.0,2983.0,0.0,860.0,78.0,0.0,1700.0,0.0,0.0,0.0,1700.0,500.0,CA,48.0,0.0,0.0,06/30/2018,0.0,0.0
,,,,,,,DANA ROHRABACHER,,H8CA42061,"ROHRABACHER, DANA",I,2.0,REP,1774411.14,124778.92,1532820.65,0.0,237775.2,479365.69,0.0,0.0,0.0,0.0,0.0,309529.17,1419317.37,CA,48.0,145299.07,0.0,06/30/2018,14100.0,6000.0
,,,,,,,SARA JACOBS,,H8CA49074,"JACOBS, SARA",O,1.0,DEM,2890249.77,19000.0,2702697.38,0.0,0.0,187552.39,2117987.33,0.0,0.0,0.0,0.0,0.0,738015.25,CA,49.0,13500.0,0.0,06/30/2018,1765.36,0.0
,,,,,,,DARRELL ISSA,,H0CA48024,"ISSA, DARRELL",I,2.0,REP,1738028.05,332849.34,1289025.52,0.0,329151.63,778154.16,17000.0,0.0,0.0,0.0,0.0,0.0,894599.5,CA,49.0,451649.0,0.0,06/30/2018,167022.9,16500.0
,,,,,,,JOSH BUTNER,,H8CA50106,"BUTNER, JOSH",C,1.0,DEM,758932.09,105921.96,758932.09,0.0,0.0,0.0,10820.82,5000.0,0.0,5000.0,0.0,0.0,576456.22,CA,50.0,60700.0,0.0,07/24/2018,93695.14,0.0
,,,,,,,DUNCAN D HUNTER,,H8CA52052,"HUNTER, DUNCAN D",I,2.0,REP,854787.0,37263.57,1222369.96,0.0,720060.34,352477.38,0.0,0.0,0.0,0.0,0.0,0.0,418481.57,CA,50.0,393321.33,2101.24,06/30/2018,2825.0,0.0
,,,,,,,JOSEPH NEGUSE,,H8CO02160,"NEGUSE, JOSEPH",O,1.0,DEM,852007.69,54798.78,759933.37,0.0,0.0,92074.32,920.12,0.0,0.0,0.0,0.0,0.0,598230.04,CO,2.0,198000.0,0.0,06/30/2018,1250.0,0.0
,,,,,,,LEONARD ALBERT MR. JR. SISTEK,,H8CO04125,"SISTEK, LEONARD ALBERT MR. JR.",C,1.0,DEM,12370.08,0.0,8295.38,1000.0,0.0,4074.7,6550.0,5550.0,0.0,0.0,0.0,50.0,270.0,CO,4.0,0.0,0.0,05/11/2018,0.0,0.0
,,,,,,,BILL RHEA,,H8CO05155,"RHEA, BILL",C,2.0,REP,107471.9,0.0,99827.22,493.0,378.92,-6182.33,62531.9,29820.0,0.0,0.0,0.0,0.0,15120.0,CO,5.0,0.0,0.0,06/30/2018,0.0,0.0
,,,,,,,JASON CROW,,H8CO06229,"CROW, JASON",C,1.0,DEM,2264940.25,484719.91,969481.53,0.0,0.0,1295458.72,0.0,6000.0,0.0,0.0,0.0,6000.0,1580297.24,CO,6.0,193204.9,0.0,06/30/2018,8430.0,0.0
,,,,,,,JOSEPH D COURTNEY,,H2CT02112,"COURTNEY, JOSEPH D",I,1.0,DEM,839714.01,9923.55,405708.68,0.0,622922.48,1056927.81,0.0,0.0,0.0,0.0,0.0,0.0,377546.72,CT,2.0,445525.0,0.0,06/30/2018,100.0,0.0
,,,,,,,ELIZABETH ESTY,,H2CT05131,"ESTY, ELIZABETH",I,1.0,DEM,1508470.65,25000.0,971599.61,0.0,589108.47,1125979.21,0.0,0.0,0.0,0.0,0.0,0.0,893417.29,CT,5.0,584309.81,4728.17,06/30/2018,258978.71,116300.0
,,,,,,,JOHN RUTHERFORD,,H6FL04105,"RUTHERFORD, JOHN",I,2.0,REP,601402.12,0.0,286140.51,10000.0,1995.94,317257.55,0.0,6500.0,0.0,15000.0,0.0,51500.0,322220.0,FL,4.0,272659.17,0.0,08/08/2018,0.0,0.0
,,,,,,,RONTEL BATIE,,H8FL05132,"BATIE, RONTEL",C,1.0,DEM,18835.0,0.0,18518.0,450.0,0.0,315.0,0.0,0.0,0.0,0.0,0.0,0.0,18835.0,FL,5.0,0.0,0.0,06/12/2018,325.0,0.0
,,,,,,,MICHAEL WALTZ,,H8FL06148,"WALTZ, MICHAEL",O,2.0,REP,1066996.06,25806.57,780289.53,0.0,0.0,286706.53,0.0,400000.0,0.0,0.0,0.0,400000.0,625601.99,FL,6.0,13087.5,2500.0,08/08/2018,3165.0,0.0
,,,,,,,PHD DENA MD GRAYSON,,H6FL09187,"GRAYSON, DENA MD, PHD",C,1.0,DEM,22096.99,5000.0,30884.48,0.0,9527.5,740.01,0.0,7546.2,0.0,0.0,0.0,252324.07,57.14,FL,8.0,0.0,0.0,06/30/2018,0.0,0.0
,,,,,,,ROBERT MATTHEW TAGER,,H6FL12181,"TAGER, ROBERT MATTHEW",C,1.0,DEM,33037.0,12404.0,30269.78,0.0,2719.0,5486.0,0.0,8000.0,0.0,0.0,0.0,48000.0,25037.0,FL,12.0,0.0,0.0,08/08/2018,0.0,0.0
,,,,,,,GUS M BILIRAKIS,,H6FL09070,"BILIRAKIS, GUS M",I,2.0,REP,1441000.0,5989.23,894332.98,0.0,91395.64,638062.66,0.0,0.0,0.0,0.0,0.0,0.0,695567.28,FL,12.0,733323.48,0.0,08/08/2018,1500.0,1000.0
,,,,,,,ANDREW LEARNED,,H8FL15180,"LEARNED, ANDREW",O,1.0,DEM,296064.71,0.0,237506.23,3850.0,0.0,58558.48,0.0,2000.0,0.0,0.0,0.0,2000.0,284564.71,FL,15.0,9500.0,0.0,08/08/2018,1570.0,0.0
,,,,,,,JAN SCHNEIDER,,H2FL13139,"SCHNEIDER, JAN",C,1.0,DEM,73124.19,0.0,16580.37,25.0,16565.75,73109.57,1960.77,55275.08,0.0,0.0,0.0,133414.97,15888.34,FL,16.0,0.0,0.0,08/15/2018,0.0,0.0
,,,,,,,VERNON BUCHANAN,,H6FL13148,"BUCHANAN, VERNON",I,2.0,REP,2212443.83,12181.33,1553417.64,0.0,1467267.66,2126293.85,0.0,250000.0,0.0,0.0,0.0,250000.0,878871.36,FL,16.0,1049967.42,0.0,08/08/2018,6600.0,0.0
,,,,,,,FRANCIS ROONEY,,H6FL19087,"ROONEY, FRANCIS",I,2.0,REP,388958.67,42679.31,491276.75,0.0,310355.98,208037.9,0.0,0.0,0.0,0.0,0.0,450000.0,344153.0,FL,19.0,0.0,0.0,08/08/2018,0.0,0.0
,,,,,,,JOSE JAVIER RODRIGUEZ,,H8FL27052,"RODRIGUEZ, JOSE JAVIER",O,1.0,DEM,729612.34,10209.82,531237.81,0.0,0.0,198374.53,0.0,0.0,0.0,0.0,0.0,0.0,624702.52,FL,27.0,94700.0,0.0,06/30/2018,83421.0,17464.0
,,,,,,,EARL LEROY CARTER,,H4GA01039,"CARTER, EARL LEROY",I,2.0,REP,1414181.0,4070.12,983545.29,0.0,503534.3,934170.01,0.0,0.0,0.0,250000.0,0.0,0.0,579115.39,GA,1.0,826700.81,0.0,06/30/2018,6050.0,2312.5
,,,,,,,T. JONATHAN OSSOFF,,H8GA06195,"OSSOFF, T. JONATHAN",O,1.0,DEM,31485403.65,7530.0,31172227.28,0.0,0.0,313176.37,50000.0,250000.0,0.0,75000.0,0.0,175000.0,29536942.08,GA,6.0,372353.08,445.2,06/30/2018,902814.94,10275.0
,,,,,,,THOMAS EDMUNDS PRICE,,H4GA06087,"PRICE, THOMAS EDMUNDS",I,2.0,REP,3078.3,239.1,278486.18,0.0,2131255.68,1855847.8,0.0,0.0,0.0,0.0,0.0,0.0,0.0,GA,6.0,0.0,0.0,06/30/2018,0.0,0.0
,,,,,,,BRUCE E LEVELL,,H8GA06351,"LEVELL, BRUCE E",C,2.0,REP,65531.0,0.0,60014.96,1150.0,0.0,0.0,0.0,0.0,0.0,0.0,0.0,0.0,65301.0,GA,6.0,0.0,0.0,09/30/2017,0.0,0.0
,,,,,,,ROB REP. WOODALL,,H0GA07133,"WOODALL, ROB REP.",I,2.0,REP,724911.9,0.0,519485.45,133500.0,323453.65,528880.1,0.0,0.0,0.0,0.0,0.0,0.0,265352.0,GA,7.0,459550.0,0.0,06/30/2018,600.0,100.0
,,,,,,,DOUGLAS ALLEN COLLINS,,H2GA09150,"COLLINS, DOUGLAS ALLEN",I,2.0,REP,994494.96,2143.83,501617.65,0.0,196277.86,689155.17,0.0,0.0,0.0,0.0,0.0,0.0,343430.04,GA,9.0,646100.0,663.98,06/30/2018,450.0,0.0
,,,,,,,JOHN THOMAS MR. JR. GRAVES,,H0GA09030,"GRAVES, JOHN THOMAS MR. JR.",I,2.0,REP,1660967.71,23941.77,702688.78,0.0,879701.75,1837980.68,0.0,0.0,0.0,0.0,0.0,0.0,618763.0,GA,14.0,999585.73,0.0,06/30/2018,2900.0,44.15
,,,,,,,AUSTIN RONALD FRERICK,,H8IA03165,"FRERICK, AUSTIN RONALD",C,1.0,DEM,55240.1,0.0,55240.1,250.0,0.0,0.0,81.0,658.64,0.0,658.64,0.0,0.0,54453.74,IA,3.0,0.0,0.0,03/31/2018,1025.0,0.0
,,,,,,,DAVID YOUNG,,H4IA03115,"YOUNG, DAVID",I,2.0,REP,1758963.07,343217.27,408419.09,0.0,84084.82,1434628.8,5400.0,0.0,0.0,37500.0,0.0,212500.0,364078.19,IA,3.0,1035950.0,0.0,06/30/2018,3764.0,2500.0
,,,,,,,MICHAEL SIMPSON,,H8ID02064,"SIMPSON, MICHAEL",I,2.0,REP,806869.59,0.0,733551.99,370250.0,153137.34,226454.94,0.0,0.0,0.0,0.0,0.0,0.0,260969.59,ID,2.0,545900.0,0.0,06/30/2018,0.0,0.0
,,,,,,,JESUS GARCIA,,H8IL04134,"GARCIA, JESUS",O,1.0,DEM,677625.12,54761.27,643690.47,0.0,0.0,33934.65,0.0,0.0,0.0,0.0,0.0,10453.67,438121.09,IL,4.0,184615.9,0.0,06/30/2018,9320.33,360.0
,,,,,,,SEAN CASTEN,,H8IL06139,"CASTEN, SEAN",C,1.0,DEM,2038971.31,24780.0,1391936.46,0.0,0.0,646749.85,0.0,650000.0,0.0,20000.0,0.0,630000.0,1235649.59,IL,6.0,117221.99,5000.0,06/30/2018,3635.12,0.0
,,,,,,,PETER ROSKAM,,H6IL06117,"ROSKAM, PETER",I,2.0,REP,4429669.35,24300.0,2205843.53,0.0,113731.68,2337557.5,0.0,0.0,0.0,0.0,0.0,0.0,2291788.95,IL,6.0,2098582.31,0.0,06/30/2018,25200.0,1000.0
,,,,,,,BRADLEY SCOTT SCHNEIDER,,H2IL10068,"SCHNEIDER, BRADLEY SCOTT",I,1.0,DEM,3575696.9,25000.0,1219651.13,0.0,142656.82,2498669.09,0.0,0.0,0.0,105000.0,0.0,0.0,2645318.62,IL,10.0,902090.0,1256.59,06/30/2018,76103.53,0.0
,,,,,,,ALOYS RUTAGWIBIRA,,H2IL10092,"RUTAGWIBIRA, ALOYS",C,2.0,REP,320.0,320.0,472.0,0.0,320.0,100.0,0.0,0.0,0.0,0.0,0.0,-252.0,0.0,IL,10.0,0.0,0.0,12/31/2017,0.0,0.0
,,,,,,,G. WILLIAM (BILL) FOSTER,,H8IL14067,"FOSTER, G. WILLIAM (BILL)",I,1.0,DEM,1832162.44,0.0,1105881.08,250.0,2287780.33,3014061.69,0.0,0.0,0.0,0.0,41800.0,1089654.72,1159356.97,IL,11.0,572000.0,0.0,06/30/2018,325.0,0.0
,,,,,,,BRENDAN KELLY,,H8IL12129,"KELLY, BRENDAN",C,1.0,DEM,1786472.44,189366.79,1009010.67,0.0,0.0,777461.77,3515.97,0.0,0.0,0.0,0.0,0.0,1251123.56,IL,12.0,334751.0,6215.12,06/30/2018,5512.19,1100.0
,,,,,,,MICHAEL BOST,,H4IL12060,"BOST, MICHAEL",I,2.0,REP,1910252.62,137776.93,581331.46,0.0,7409.37,1336330.53,0.0,0.0,0.0,0.0,0.0,12656.72,729318.64,IL,12.0,1043157.05,0.0,06/30/2018,1500.0,5000.0
,,,,,,,RODNEY L DAVIS,,H2IL13120,"DAVIS, RODNEY L",I,2.0,REP,2377519.75,13500.0,1182810.34,0.0,396800.06,1591509.47,0.0,0.0,0.0,0.0,0.0,0.0,698179.66,IL,13.0,1650658.45,2500.0,06/30/2018,5694.0,0.0
,,,,,,,LAUREN A UNDERWOOD,,H8IL14174,"UNDERWOOD, LAUREN A",C,1.0,DEM,1129202.81,113323.67,477317.85,0.0,0.0,651884.96,9389.86,0.0,0.0,0.0,0.0,0.0,834921.23,IL,14.0,168717.98,2611.32,06/30/2018,1377.92,0.0
,,,,,,,JOHN M SHIMKUS,,H2IL20042,"SHIMKUS, JOHN M",I,2.0,REP,1482588.33,5860.41,1173191.41,0.0,836289.72,1145686.64,0.0,0.0,0.0,0.0,0.0,0.0,143961.0,IL,15.0,1328287.22,0.0,06/30/2018,0.0,5400.0
,,,,,,,JAMES THOMAS MARTER,,H8IL16153,"MARTER, JAMES THOMAS",C,2.0,REP,63460.98,0.0,62184.51,2386.9,0.0,1276.47,7837.94,35437.46,0.0,0.0,0.0,35437.46,20024.0,IL,16.0,0.0,0.0,06/30/2018,0.0,0.0
,,,,,,,CHERI BUSTOS,,H2IL17071,"BUSTOS, CHERI",I,1.0,DEM,2872475.45,37008.65,1284006.42,0.0,1536105.67,3124574.7,0.0,0.0,0.0,0.0,0.0,0.0,1617854.47,IL,17.0,1202626.65,8187.64,06/30/2018,3280.0,130.19
,,,,,,,DARIN MCKAY LAHOOD,,H6IL18088,"LAHOOD, DARIN MCKAY",I,2.0,REP,1852447.79,48708.93,608853.93,0.0,321458.87,1565052.73,0.0,0.0,0.0,0.0,0.0,0.0,675331.18,IL,18.0,1119493.32,2375.0,06/30/2018,7750.0,4850.0
,,,,,,,JOSEPH WILLIAM MR MACKEY,,H8IN04140,"MACKEY, JOSEPH WILLIAM MR",O,1.0,DEM,9765.01,0.0,8789.96,30.0,65.0,1040.05,148.67,0.0,0.0,0.0,0.0,0.0,9616.34,IN,4.0,0.0,0.0,06/30/2018,0.0,0.0
,,,,,,,SHERYL SHIPLEY,,H8IN04173,"SHIPLEY, SHERYL",O,1.0,DEM,8958.28,0.0,7484.28,1330.55,20.0,1348.98,0.0,0.0,0.0,0.0,0.0,0.0,8958.28,IN,4.0,0.0,0.0,01/02/2018,0.0,0.0
,,,,,,,SUSAN MRS. BROOKS,,H2IN05082,"BROOKS, SUSAN MRS.",I,2.0,REP,976366.47,22306.04,621752.35,0.0,1347890.27,1702504.39,0.0,0.0,0.0,0.0,0.0,0.0,333417.13,IN,5.0,618381.79,0.0,06/30/2018,500.0,0.0
,,,,,,,ANDRE CARSON,,H8IN07184,"CARSON, ANDRE",I,1.0,DEM,725723.51,7866.95,601228.18,0.0,823347.4,947842.73,0.0,0.0,0.0,0.0,0.0,0.0,330168.51,IN,7.0,377100.0,7797.99,06/30/2018,1000.0,1000.0
,,,,,,,LARRY D. BUCSHON,,H0IN08114,"BUCSHON, LARRY D.",I,2.0,REP,698071.05,20185.05,678588.82,0.0,312861.1,332343.33,0.0,0.0,0.0,0.0,0.0,0.0,203943.0,IN,8.0,473475.0,0.0,06/30/2018,2055.0,0.0
,,,,,,,PAUL T. DAVIS,,H8KS02173,"DAVIS, PAUL T.",O,1.0,DEM,1607261.61,35000.0,664914.34,0.0,0.0,942472.27,8355.6,0.0,0.0,0.0,0.0,85459.17,1272003.72,KS,2.0,277300.0,361.16,07/18/2018,4883.51,0.0
,,,,,,,KEVIN YODER,,H0KS03137,"YODER, KEVIN",I,2.0,REP,2785787.42,102403.36,1427718.04,0.0,435352.58,1793421.96,0.0,0.0,0.0,0.0,0.0,0.0,1097512.32,KS,3.0,1551113.96,0.0,07/18/2018,18300.0,5800.0
,,,,,,,ALAN EARL COBB,,H8KS04161,"COBB, ALAN EARL",O,2.0,REP,150369.61,0.0,150369.61,5300.0,0.0,0.0,0.0,0.0,0.0,0.0,0.0,0.0,147072.13,KS,4.0,0.0,0.0,09/30/2017,93306.0,0.0
,,,,,,,PAUL WALKER,,H8KY01074,"WALKER, PAUL",C,1.0,DEM,15048.97,2983.97,11881.15,0.0,0.0,3167.82,0.0,0.0,0.0,0.0,0.0,0.0,12065.0,KY,1.0,0.0,0.0,06/30/2018,0.0,0.0
,,,,,,,JAMES COMER,,H6KY01110,"COMER, JAMES",I,2.0,REP,582566.95,22192.98,227328.79,0.0,84563.38,439801.54,0.0,0.0,0.0,0.0,0.0,0.0,223683.0,KY,1.0,335690.97,0.0,06/30/2018,0.0,0.0
,,,,,,,THOMAS H. MASSIE,,H2KY04121,"MASSIE, THOMAS H.",I,2.0,REP,248228.18,32343.79,229692.75,0.0,244597.91,263133.34,0.0,0.0,0.0,0.0,0.0,0.0,117864.3,KY,4.0,96200.0,0.0,06/30/2018,2700.0,-2000.0
,,,,,,,GERARDO SERRANO,,H8KY05075,"SERRANO, GERARDO",C,2.0,REP,29980.0,0.0,9286.0,450.0,0.0,5496.0,2700.0,25000.0,0.0,2296.0,0.0,23187.0,2280.0,KY,5.0,0.0,0.0,06/30/2018,0.0,0.0
,,,,,,,HOWARD KEARNEY,,H6LA01225,"KEARNEY, HOWARD",C,3.0,LIB,6710.0,0.0,4311.66,600.0,0.0,2398.34,5000.0,0.0,0.0,0.0,0.0,0.0,1710.0,LA,1.0,0.0,0.0,06/30/2018,0.0,0.0
,,,,,,,CEDRIC L. RICHMOND,,H8LA02054,"RICHMOND, CEDRIC L.",I,1.0,DEM,1092560.57,1500.7,725682.48,0.0,361089.06,727967.15,0.0,0.0,0.0,0.0,0.0,8000.0,233686.54,LA,2.0,855101.33,0.0,06/30/2018,4650.0,10833.0
,,,,,,,DAVID CHARLES LANGLINAIS,,H8LA03078,"LANGLINAIS, DAVID CHARLES",C,3.0,IND,1666.11,0.0,1668.11,611.86,0.0,-2.0,95.0,0.0,0.0,0.0,0.0,0.0,1571.11,LA,3.0,0.0,0.0,07/26/2018,0.0,0.0
,,,,,,,GARRET GRAVES,,H4LA06153,"GRAVES, GARRET",I,2.0,REP,1729593.41,551819.01,655519.27,0.0,842717.11,1916791.25,0.0,0.0,0.0,0.0,0.0,0.0,391286.5,LA,6.0,780999.4,0.0,06/30/2018,6400.0,1000.0
,,,,,,,RUFUS GIFFORD,,H8MA03171,"GIFFORD, RUFUS",O,1.0,DEM,2203833.26,0.0,1684744.36,1072.98,0.0,519088.9,13027.45,770000.0,0.0,0.0,0.0,770000.0,1389245.01,MA,3.0,31554.0,0.0,08/15/2018,17125.0,27.0
,,,,,,,NICOLA S TSONGAS,,H8MA05143,"TSONGAS, NICOLA S",I,1.0,DEM,329873.64,55225.0,658677.08,0.0,467875.43,139071.99,0.0,0.0,0.0,0.0,0.0,0.0,179162.98,MA,3.0,94500.0,0.0,09/30/2018,195050.0,30500.0
,,,,,,,JOSEPH P III KENNEDY,,H2MA04073,"KENNEDY, JOSEPH P III",I,1.0,DEM,3895966.69,276490.22,2318029.6,0.0,2751578.37,4329515.46,0.0,0.0,0.0,0.0,0.0,0.0,2898449.66,MA,4.0,693243.13,0.0,08/15/2018,51929.0,1000.0
,,,,,,,KATHERINE CLARK,,H4MA05084,"CLARK, KATHERINE",I,1.0,DEM,1200540.21,84133.12,1060352.2,0.0,952215.1,1092403.11,0.0,0.0,0.0,0.0,250000.0,0.0,627547.59,MA,5.0,477020.0,0.0,08/15/2018,4300.0,0.0
,,,,,,,MICHAEL E CAPUANO,,H8MA08071,"CAPUANO, MICHAEL E",I,1.0,DEM,1736212.58,0.0,1749395.77,14000.0,763962.34,750779.15,0.0,0.0,0.0,0.0,0.0,0.0,970516.11,MA,7.0,717986.65,41700.0,08/15/2018,6400.0,0.0
,,,,,,,STENY HOYER,,H2MD05155,"HOYER, STENY",I,1.0,DEM,3104857.04,400326.32,2921164.72,0.0,692678.68,876371.0,0.0,0.0,0.0,0.0,0.0,0.0,833046.34,MD,5.0,1852517.74,0.0,06/30/2018,5801.19,0.0
,,,,,,,ANDREW JAMES DUCK,,H6MD06121,"DUCK, ANDREW JAMES",O,1.0,DEM,57330.37,0.0,57330.37,1420.0,0.0,0.0,1888.51,20000.0,0.0,0.0,0.0,0.0,15205.93,MD,6.0,100.0,0.0,07/14/2018,0.0,0.0
,,,,,,,JARED GOLDEN,,H8ME02185,"GOLDEN, JARED",C,1.0,DEM,1179517.22,83613.11,822610.96,0.0,0.0,356906.26,1000.0,0.0,0.0,0.0,0.0,0.0,1000400.54,ME,2.0,94100.0,0.0,06/30/2018,4918.53,0.0
,,,,,,,JOHN BERGMAN,,H6MI01226,"BERGMAN, JOHN",I,2.0,REP,943231.63,28894.88,492110.28,0.0,14933.66,466055.01,0.0,0.0,0.0,0.0,0.0,254000.0,405270.66,MI,1.0,506584.54,500.0,07/18/2018,800.0,7750.0
,,,,,,,JUSTIN AMASH,,H0MI03126,"AMASH, JUSTIN",I,2.0,REP,556233.74,5256.92,495937.07,0.0,217637.24,277933.91,0.0,0.0,0.0,0.0,0.0,0.0,510451.3,MI,3.0,35750.0,0.0,07/18/2018,0.0,0.0
,,,,,,,DANIEL T. KILDEE,,H2MI05119,"KILDEE, DANIEL T.",I,1.0,DEM,821850.71,0.0,743238.06,234966.74,501644.76,580257.41,0.0,0.0,0.0,0.0,0.0,0.0,264000.71,MI,5.0,557850.0,0.0,07/18/2018,0.0,0.0
,,,,,,,FREDERICK STEPHEN UPTON,,H6MI04113,"UPTON, FREDERICK STEPHEN",I,2.0,REP,2226505.99,5226.37,1055939.77,0.0,493231.99,1663798.21,0.0,0.0,0.0,0.0,0.0,0.0,787738.26,MI,6.0,1432900.0,0.0,07/18/2018,1031.25,2500.0
,,,,,,,TIMOTHY L REP WALBERG,,H4MI07103,"WALBERG, TIMOTHY L REP",I,2.0,REP,1564976.77,4400.0,567116.33,0.0,151211.11,1149071.55,0.0,0.0,0.0,0.0,0.0,0.0,752099.58,MI,7.0,802841.63,3349.0,07/18/2018,0.0,2300.0
,,,,,,,STEVEN BIEDA,,H8MI09126,"BIEDA, STEVEN",O,1.0,DEM,139417.92,0.0,139417.92,35294.85,0.0,0.0,892.0,0.0,0.0,0.0,0.0,0.0,129725.92,MI,9.0,8200.0,0.0,05/31/2018,1721.69,1900.0
,,,,,,,TIMOTHY J WALZ,,H6MN01174,"WALZ, TIMOTHY J",I,1.0,DEM,113150.64,21.77,152269.67,0.0,42071.16,2952.13,0.0,0.0,0.0,0.0,0.0,0.0,28196.0,MN,1.0,80650.0,0.0,06/30/2018,5400.0,2000.0
,,,,,,,DANIEL FEEHAN,,H8MN01279,"FEEHAN, DANIEL",O,3.0,DFL,1132405.32,159177.64,398653.78,0.0,0.0,733751.54,1270.05,0.0,0.0,0.0,0.0,0.0,843327.19,MN,1.0,124472.35,1093.83,07/25/2018,4550.25,0.0
,,,,,,,RICHARD THOMAS WRIGHT,,H8MN01303,"WRIGHT, RICHARD THOMAS",O,3.0,DFL,154229.64,2500.0,151371.27,0.0,0.0,2858.37,8856.69,70000.0,0.0,50000.0,0.0,25000.0,72372.95,MN,1.0,0.0,0.0,06/30/2018,200.0,0.0
,,,,,,,ANGELA DAWN CRAIG,,H6MN02131,"CRAIG, ANGELA DAWN",C,1.0,DEM,2361641.78,314881.75,668404.78,0.0,12502.65,1705739.65,27980.61,0.0,0.0,0.0,0.0,200000.0,1651389.95,MN,2.0,352835.51,355.4,07/25/2018,3783.26,0.0
,,,,,,,DEAN PHILLIPS,,H8MN03143,"PHILLIPS, DEAN",C,3.0,DFL,2478333.75,10800.0,1641962.98,0.0,0.0,836370.77,30430.48,0.0,0.0,0.0,0.0,0.0,2433683.7,MN,3.0,0.0,0.0,07/25/2018,16587.76,0.0
,,,,,,,KEITH MAURICE ELLISON,,H6MN05183,"ELLISON, KEITH MAURICE",I,1.0,DEM,2601413.28,173662.28,2842314.49,0.0,489709.33,248808.12,0.0,0.0,0.0,0.0,0.0,0.0,2241703.04,MN,5.0,154500.0,0.0,06/30/2018,107469.74,22500.0
,,,,,,,RICHARD M. NOLAN,,H2MN08111,"NOLAN, RICHARD M.",I,3.0,DFL,752962.52,25000.0,782661.82,0.0,181075.26,151375.96,0.0,0.0,0.0,0.0,0.0,0.0,250458.89,MN,8.0,467528.48,1722.56,06/30/2018,43838.05,103056.37
,,,,,,,WILLIAM LACY JR CLAY,,H0MO01066,"CLAY, WILLIAM LACY JR",I,1.0,DEM,532523.86,0.0,658200.4,50000.0,238779.14,114092.6,0.0,0.0,0.0,0.0,0.0,0.0,68681.09,MO,1.0,463842.77,0.0,09/30/2018,0.0,0.0
,,,,,,,SAMUEL B JR 'SAM' GRAVES,,H0MO06073,"GRAVES, SAMUEL B JR 'SAM'",I,2.0,REP,1582640.14,5000.0,1017559.44,0.0,455812.21,1020892.91,0.0,0.0,0.0,0.0,0.0,5522.41,263409.08,MO,6.0,1283750.0,0.0,09/30/2018,0.0,0.0
,,,,,,,JASON T SMITH,,H4MO08162,"SMITH, JASON T",I,2.0,REP,1586458.5,153214.2,788673.79,0.0,529654.29,1327439.0,0.0,0.0,0.0,0.0,0.0,0.0,343001.0,MO,8.0,1079301.97,0.0,07/18/2018,0.0,0.0
,,,,,,,RANDY MACK DR. WADKINS,,H8MS01145,"WADKINS, RANDY MACK DR.",C,1.0,DEM,124019.37,500.0,68054.29,0.0,0.0,55965.08,660.81,0.0,0.0,0.0,0.0,0.0,121279.23,MS,1.0,0.0,1000.0,06/30/2018,172.2,0.0
,,,,,,,GREGG HARPER,,H8MS03067,"HARPER, GREGG",I,2.0,REP,325948.18,18900.0,663814.78,0.0,669119.21,331252.61,0.0,0.0,0.0,0.0,0.0,0.0,47560.0,MS,3.0,259000.0,0.0,06/30/2018,7450.0,21500.0
,,,,,,,STEVEN MCCARTY PALAZZO,,H0MS04120,"PALAZZO, STEVEN MCCARTY",I,2.0,REP,592901.59,0.0,466496.26,38500.0,231698.04,358103.37,0.0,0.0,0.0,0.0,0.0,2500.0,186678.0,MS,4.0,406100.0,0.0,06/30/2018,0.0,0.0
,,,,,,,ROBERT E. QUIST,,H8MT00077,"QUIST, ROBERT E.",O,1.0,DEM,6706363.46,0.0,6688944.24,150000.0,0.0,17419.22,140.0,0.0,0.0,0.0,0.0,0.0,6613029.07,MT,0.0,90765.38,0.0,06/30/2018,147787.66,0.0
,,,,,,,MATT ROSENDALE,,H4MT00050,"ROSENDALE, MATT",C,2.0,REP,2055983.46,54762.34,1423033.34,0.0,6213.02,639163.9,0.0,32831.0,0.0,59831.0,0.0,284026.8,1645357.56,MT,0.0,273534.0,49400.0,06/30/2018,30150.0,0.0
,,,,,,,MATT ROSENDALE,,S8MT00234,"ROSENDALE, MATT",C,2.0,REP,2055983.46,54762.34,1423033.34,0.0,6213.02,639163.9,0.0,32831.0,0.0,59831.0,0.0,284026.8,1645357.56,MT,0.0,273534.0,49400.0,06/30/2018,30150.0,0.0
,,,,,,,RYAN K ZINKE,,H4MT01041,"ZINKE, RYAN K",I,2.0,REP,62561.92,28918.91,77079.66,0.0,30862.32,16344.58,0.0,0.0,0.0,0.0,0.0,0.0,1526.0,MT,0.0,0.0,0.0,06/30/2018,1663.0,5000.0
,,,,,,,GREG GIANFORTE,,H8MT01182,"GIANFORTE, GREG",I,2.0,REP,7057258.62,152064.81,5684304.82,0.0,0.0,1372953.8,0.0,1500000.0,0.0,0.0,0.0,250000.0,4967984.98,MT,0.0,333230.88,9999.0,06/30/2018,101625.0,10.0
,,,,,,,RICHARD LEE III WATKINS,,H8NC04108,"WATKINS, RICHARD LEE III",C,1.0,DEM,5750.36,0.0,5750.36,29.58,0.0,0.0,0.0,0.0,0.0,0.0,0.0,0.0,5750.36,NC,4.0,0.0,0.0,07/31/2018,0.0,0.0
,,,,,,,BRADLEY MARK MR. WALKER,,H4NC06052,"WALKER, BRADLEY MARK MR.",I,2.0,REP,978823.02,377199.97,450399.78,0.0,225583.17,754006.41,0.0,0.0,0.0,0.0,0.0,0.0,170835.99,NC,6.0,423490.88,0.0,06/30/2018,300.0,0.0
,,,,,,,DANIEL MCCREADY,,H8NC09123,"MCCREADY, DANIEL",C,1.0,DEM,2673739.25,223825.04,869933.92,0.0,0.0,1803805.33,38897.65,0.0,0.0,0.0,0.0,0.0,2238146.37,NC,9.0,169485.29,383.69,06/30/2018,8358.46,0.0
,,,,,,,ROBERT M THE HONORABLE PITTENGER,,H2NC09134,"PITTENGER, ROBERT M THE HONORABLE",I,2.0,REP,1384541.23,356356.74,1379608.68,0.0,4246.78,9179.33,0.0,0.0,0.0,54400.0,0.0,791590.7,304386.69,NC,9.0,720277.21,1500.0,06/30/2018,107382.71,106500.0
,,,,,,,PATRICK MCHENRY,,H4NC10047,"MCHENRY, PATRICK",I,2.0,REP,2943666.05,804816.82,2606680.61,0.0,1395807.38,1732792.82,0.0,0.0,0.0,0.0,0.0,0.0,677936.0,NC,10.0,1456550.0,0.0,06/30/2018,0.0,3500.0
,,,,,,,MATT COFFAY,,H8NC11095,"COFFAY, MATT",C,1.0,DEM,52888.28,0.0,52888.28,13666.07,0.0,0.0,100.0,0.0,0.0,0.0,0.0,0.0,52788.28,NC,11.0,0.0,0.0,09/22/2017,0.0,0.0
,,,,,,,MARK R MEADOWS,,H2NC11080,"MEADOWS, MARK R",I,2.0,REP,877217.99,16002.68,622080.0,0.0,208158.98,463296.97,0.0,0.0,0.0,83500.0,0.0,0.0,537905.04,NC,11.0,318053.75,0.0,06/30/2018,3511.0,0.0
,,,,,,,ALMA SHEALEY ADAMS,,H4NC12100,"ADAMS, ALMA SHEALEY",I,1.0,DEM,399011.78,0.0,251545.06,12500.0,106855.26,254321.98,0.0,0.0,0.0,0.0,0.0,0.0,86234.49,NC,12.0,312777.29,0.0,06/30/2018,202.0,0.0
,,,,,,,ADAM COKER,,H6NC02130,"COKER, ADAM",C,1.0,DEM,70840.5,0.0,71191.02,550.0,-1262.43,-1612.95,0.0,650.0,0.0,0.0,0.0,12020.47,70090.5,NC,13.0,100.0,0.0,06/30/2018,0.0,0.0
,,,,,,,THEODORE BUDD,,H6NC13129,"BUDD, THEODORE",I,2.0,REP,1219617.15,2238.77,460266.68,0.0,19592.69,778943.16,0.0,70000.0,0.0,54000.0,0.0,50000.0,584042.15,NC,13.0,559105.73,0.0,06/30/2018,0.0,7000.0
,,,,,,,KEVIN MR. CRAMER,,H0ND01026,"CRAMER, KEVIN MR.",I,2.0,REP,3268775.17,246832.0,1227768.11,0.0,395408.26,2436515.0,0.0,0.0,0.0,0.0,0.0,0.0,1859061.51,ND,0.0,1098175.0,57500.0,06/30/2018,3450.0,0.0
,,,,,,,KEVIN MR. CRAMER,,S8ND00120,"CRAMER, KEVIN MR.",C,2.0,REP,3268775.17,246832.0,1227768.11,0.0,395408.26,2436515.0,0.0,0.0,0.0,0.0,0.0,0.0,1859061.51,ND,0.0,1098175.0,57500.0,06/30/2018,3450.0,0.0
,,,,,,,BRAD ASHFORD,,H4NE02054,"ASHFORD, BRAD",C,1.0,DEM,640016.12,23934.0,640744.24,0.0,728.12,0.0,0.0,0.0,0.0,0.0,0.0,0.0,435862.33,NE,2.0,170500.0,0.0,07/31/2018,42745.0,19000.0
,,,,,,,MAURA CORBY SULLIVAN,,H8NH01186,"SULLIVAN, MAURA CORBY",O,1.0,DEM,1848154.24,55355.11,1037835.29,0.0,0.0,810318.95,0.0,0.0,0.0,0.0,0.0,10000.0,1743828.71,NH,1.0,47750.0,1000.0,08/22/2018,7044.44,0.0
,,,,,,,CHRIS PAPPAS,,H8NH01210,"PAPPAS, CHRIS",O,1.0,DEM,823673.69,3551.43,475221.0,0.0,0.0,348452.69,13930.72,0.0,0.0,0.0,0.0,0.0,720911.54,NH,1.0,85280.0,0.0,08/22/2018,385.0,0.0
,,,,,,,LYNNE BLANKENBEKER,,H8NH02283,"BLANKENBEKER, LYNNE",C,2.0,REP,119488.48,25756.57,93448.49,0.0,0.0,26039.99,481.9,0.0,0.0,0.0,0.0,0.0,76750.01,NH,2.0,16500.0,0.0,08/22/2018,0.0,0.0
,,,,,,,JEFF VAN DREW,,H8NJ02166,"VAN DREW, JEFF",O,1.0,DEM,1043025.47,33950.0,368508.32,0.0,0.0,674517.15,0.0,0.0,0.0,0.0,0.0,0.0,659155.74,NJ,2.0,344950.0,4969.7,06/30/2018,20.0,0.0
,,,,,,,ANDY KIM,,H8NJ03206,"KIM, ANDY",C,1.0,DEM,2166596.7,110420.0,495852.6,0.0,0.0,1670744.1,1260.32,0.0,0.0,0.0,0.0,58544.06,1814621.18,NJ,3.0,238994.86,1000.0,06/30/2018,12469.6,20.0
,,,,,,,THOMAS MACARTHUR,,H4NJ03130,"MACARTHUR, THOMAS",I,2.0,REP,2357696.6,568340.49,1362014.27,0.0,7330.82,1003013.15,0.0,0.0,0.0,0.0,0.0,719959.64,833544.74,NJ,3.0,954764.06,0.0,06/30/2018,8200.0,2500.0
,,,,,,,JOSH GOTTHEIMER,,H6NJ05171,"GOTTHEIMER, JOSH",I,1.0,DEM,5208050.29,36000.0,753382.62,0.0,79085.06,4533752.73,0.0,0.0,0.0,0.0,0.0,0.0,3854444.69,NJ,5.0,1199486.29,6310.11,06/30/2018,51375.0,0.0
,,,,,,,SCOTT SALMON,,H8NJ07181,"SALMON, SCOTT",C,1.0,DEM,95501.4,0.0,59643.96,2500.0,0.0,-3968.92,0.0,0.0,0.0,0.0,0.0,0.0,95501.4,NJ,7.0,0.0,0.0,06/30/2018,7200.0,0.0
,,,,,,,TOM MALINOWSKI,,H8NJ07223,"MALINOWSKI, TOM",C,1.0,DEM,2315868.84,304418.31,681151.02,0.0,0.0,1634717.82,0.0,0.0,0.0,0.0,0.0,0.0,1869150.06,NJ,7.0,137300.0,5000.0,06/30/2018,4222.37,0.0
,,,,,,,REBECCA MICHELLE SHERRILL,,H8NJ11142,"SHERRILL, REBECCA MICHELLE",O,1.0,DEM,4236125.63,570681.75,1319556.72,0.0,0.0,2916568.91,1800.0,0.0,0.0,0.0,0.0,0.0,3351230.34,NJ,11.0,295787.58,5000.0,06/30/2018,24047.44,0.0
,,,,,,,RODNEY P. FRELINGHUYSEN,,H2NJ05014,"FRELINGHUYSEN, RODNEY P.",I,2.0,REP,1535680.11,84968.72,1466477.95,0.0,469795.96,538998.12,0.0,0.0,0.0,0.0,0.0,90579.0,589456.16,NJ,11.0,854226.68,6105.0,06/30/2018,160745.0,167851.68
,,,,,,,JACKY ROSEN,,H6NV03139,"ROSEN, JACKY",I,1.0,DEM,9401407.67,878804.0,5588073.32,0.0,15260.89,3828593.0,0.0,0.0,0.0,0.0,0.0,15000.0,7552537.72,NV,3.0,840031.0,48296.95,06/30/2018,81157.5,30.0
,,,,,,,JACKY ROSEN,,S8NV00156,"ROSEN, JACKY",C,1.0,DEM,9401407.67,878804.0,5588073.32,0.0,15260.89,3828593.0,0.0,0.0,0.0,0.0,0.0,15000.0,7552537.72,NV,0.0,840031.0,48296.95,06/30/2018,81157.5,30.0
,,,,,,,HERMON FARAHI,,H8NV03127,"FARAHI, HERMON",O,1.0,DEM,38441.72,0.0,38441.72,2000.0,0.0,0.0,0.0,5000.0,0.0,5000.0,0.0,0.0,33441.72,NV,3.0,0.0,0.0,03/31/2018,2700.0,0.0
,,,,,,,RUBEN KIHUEN,,H2NV00050,"KIHUEN, RUBEN",I,1.0,DEM,901756.64,11068.55,582856.69,0.0,16494.0,335393.95,0.0,0.0,0.0,0.0,0.0,0.0,426025.23,NV,4.0,454437.01,2424.6,06/30/2018,64581.24,82200.0
,,,,,,,STEVEN ALEXZANDER HORSFORD,,H2NV04011,"HORSFORD, STEVEN ALEXZANDER",O,1.0,DEM,683295.05,32000.0,485609.85,0.0,0.0,197685.2,2500.0,0.0,0.0,0.0,0.0,65076.0,363850.24,NV,4.0,284700.0,0.0,06/30/2018,601.05,0.0
,,,,,,,KATE M. BROWNING,,H8NY01197,"BROWNING, KATE M.",C,1.0,DEM,579917.26,54370.66,557795.04,0.0,0.0,22122.22,0.0,0.0,0.0,0.0,0.0,0.0,451902.01,NY,1.0,73546.29,0.0,06/30/2018,42213.31,5000.0
,,,,,,,THOMAS SUOZZI,,H6NY03247,"SUOZZI, THOMAS",I,1.0,DEM,2120799.47,25000.0,512960.92,0.0,62866.0,1670704.55,0.0,0.0,0.0,0.0,0.0,30379.2,1382873.51,NY,3.0,695670.85,0.0,06/30/2018,12162.04,1000.0
,,,,,,,KATHLEEN RICE,,H4NY04075,"RICE, KATHLEEN",I,1.0,DEM,1128724.18,96396.92,823836.96,0.0,486128.36,791015.58,0.0,0.0,0.0,0.0,0.0,0.0,671147.15,NY,4.0,337850.0,88.46,06/30/2018,3838.74,0.0
,,,,,,,HAKEEM JEFFRIES,,H2NY10092,"JEFFRIES, HAKEEM",I,1.0,DEM,1170292.79,714.63,900329.1,0.0,1011604.86,1281568.55,0.0,0.0,0.0,0.0,0.0,0.0,625530.16,NY,8.0,542800.0,0.0,06/30/2018,0.0,0.0
,,,,,,,YVETTE CLARKE,,H4NY11138,"CLARKE, YVETTE",I,1.0,DEM,883359.75,0.0,750473.27,20000.0,85192.45,214682.53,0.0,0.0,0.0,0.0,0.0,77748.62,386594.11,NY,9.0,492468.75,0.0,06/30/2018,3225.0,0.0
,,,,,,,JERROLD L. NADLER,,H2NY17071,"NADLER, JERROLD L.",I,1.0,DEM,1147513.95,44995.25,1213921.89,0.0,683761.38,617353.44,0.0,0.0,0.0,0.0,0.0,0.0,671759.2,NY,10.0,430759.5,0.0,06/30/2018,2500.0,500.0
,,,,,,,ALFRED MICHAEL DECILLIS,,H8NY11097,"DECILLIS, ALFRED MICHAEL",C,1.0,DEM,18421.4,0.0,24630.86,175.0,0.0,-6209.46,15942.83,0.0,0.0,0.0,0.0,0.0,2378.57,NY,11.0,0.0,0.0,12/31/2017,0.0,0.0
,,,,,,,MAX ROSE,,H8NY11113,"ROSE, MAX",C,1.0,DEM,1951382.46,223708.54,676584.98,0.0,0.0,1274797.48,537.6,0.0,0.0,0.0,0.0,4800.0,1592807.63,NY,11.0,120550.0,4806.9,06/30/2018,8975.0,0.0
,,,,,,,DAN DONOVAN,,H6NY11174,"DONOVAN, DAN",I,2.0,REP,1815123.06,25727.33,1605383.26,0.0,186363.34,396103.14,0.0,0.0,0.0,0.0,0.0,0.0,1020680.88,NY,11.0,760616.17,7000.0,06/30/2018,11580.0,1000.0
,,,,,,,JOSEPH CROWLEY,,H8NY07046,"CROWLEY, JOSEPH",I,1.0,DEM,3929558.08,1058129.66,3980618.55,0.0,1121355.9,1070295.43,0.0,0.0,0.0,0.0,0.0,0.0,1114563.34,NY,14.0,1724095.23,0.0,06/30/2018,3269.04,8500.0
,,,,,,,SEAN PATRICK MALONEY,,H2NY22139,"MALONEY, SEAN PATRICK",I,1.0,DEM,2341774.13,25000.0,1060651.59,0.0,1743545.58,3024668.12,0.0,0.0,0.0,0.0,0.0,903.66,1607956.65,NY,18.0,634820.51,2048.86,06/30/2018,24521.18,30.19
,,,,,,,PATRICK RYAN,,H8NY19223,"RYAN, PATRICK",C,1.0,DEM,1739212.54,172519.77,1399284.93,0.0,0.0,339927.61,566.32,50000.0,0.0,0.0,0.0,50000.0,1491412.39,NY,19.0,23336.84,1175.0,06/30/2018,22722.08,0.0
,,,,,,,ANTHONY BRINDISI,,H8NY22151,"BRINDISI, ANTHONY",C,1.0,DEM,1938414.6,101033.49,508555.62,0.0,0.0,1429858.98,0.0,0.0,0.0,0.0,0.0,0.0,1401508.1,NY,22.0,430873.01,5000.0,06/30/2018,3742.75,0.0
,,,,,,,MAX HAROLD DELLA PIA,,H8NY23175,"DELLA PIA, MAX HAROLD",C,1.0,DEM,181217.14,0.0,138508.52,6000.0,0.0,42708.62,50.0,25000.0,0.0,0.0,0.0,25000.0,156042.14,NY,23.0,125.0,0.0,06/30/2018,100.0,0.0
,,,,,,,THOMAS W REED,,H0NY29054,"REED, THOMAS W",I,2.0,REP,2594869.08,14916.85,1453616.77,0.0,133455.65,1274707.96,0.0,0.0,0.0,0.0,0.0,0.0,1112386.92,NY,23.0,1453935.75,7800.0,06/30/2018,2800.0,0.0
,,,,,,,CHRISTOPHER SCOTT COMEGYS,,H8NY24108,"COMEGYS, CHRISTOPHER SCOTT",C,1.0,DEM,7859.0,0.0,3686.2,1000.0,0.0,4106.58,6479.0,0.0,0.0,0.0,0.0,0.0,1380.0,NY,24.0,0.0,0.0,03/31/2018,0.0,0.0
,,,,,,,JUANITA PEREZ WILLIAMS,,H8NY24132,"PEREZ WILLIAMS, JUANITA",C,1.0,DEM,181806.44,10800.0,181806.44,0.0,0.0,0.0,2014.2,30000.0,0.0,7543.32,0.0,0.0,71161.73,NY,24.0,65000.0,0.0,08/14/2018,6700.0,7000.0
,,,,,,,BRIAN HIGGINS,,H4NY27076,"HIGGINS, BRIAN",I,1.0,DEM,831849.84,0.0,614921.87,10000.0,796505.88,1013433.85,0.0,0.0,0.0,0.0,0.0,0.0,375117.18,NY,26.0,454149.77,0.0,06/30/2018,3760.0,400.0
,,,,,,,CHRISTOPHER C COLLINS,,H8NY29032,"COLLINS, CHRISTOPHER C",I,2.0,REP,1278748.67,206603.62,636280.83,0.0,699176.77,1341644.61,0.0,0.0,0.0,0.0,0.0,0.0,382614.83,NY,27.0,686872.06,2555.0,06/30/2018,1500.0,3000.0
,,,,,,,AFTAB PUREVAL,,H8OH01118,"PUREVAL, AFTAB",C,1.0,DEM,1571516.88,47716.0,222229.0,0.0,0.0,1349287.88,2700.0,0.0,0.0,0.0,0.0,31544.49,1364049.2,OH,1.0,156570.2,120.98,06/30/2018,2085.0,0.0
,,,,,,,BRAD WENSTRUP,,H2OH02085,"WENSTRUP, BRAD",I,2.0,REP,1040733.35,284128.1,497238.99,0.0,568113.7,1111608.06,0.0,0.0,0.0,0.0,0.0,0.0,288517.89,OH,2.0,467986.45,0.0,06/30/2018,850.0,0.0
,,,,,,,JAMES D. JORDAN,,H6OH04082,"JORDAN, JAMES D.",I,2.0,REP,441525.08,0.0,331740.45,15000.0,1313687.71,1423472.34,0.0,0.0,0.0,0.0,0.0,0.0,230820.13,OH,4.0,209000.0,0.0,06/30/2018,5400.0,150.0
,,,,,,,ROBERT EDWARD LATTA,,H8OH05036,"LATTA, ROBERT EDWARD",I,2.0,REP,1240282.46,3500.0,739185.08,0.0,788604.36,1289701.74,0.0,0.0,0.0,0.0,0.0,0.0,327093.07,OH,5.0,909481.55,0.0,06/30/2018,5700.0,3000.0
,,,,,,,KENNETH HARBAUGH,,H8OH07123,"HARBAUGH, KENNETH",C,1.0,DEM,1697195.93,220863.4,720035.5,0.0,0.0,977160.43,2050.0,0.0,0.0,0.0,0.0,0.0,1343460.8,OH,7.0,128797.41,600.0,06/30/2018,6590.86,0.0
,,,,,,,WARREN DAVIDSON,,H6OH08315,"DAVIDSON, WARREN",I,2.0,REP,567428.79,12848.33,371205.49,0.0,110872.14,307095.44,0.0,0.0,0.0,0.0,0.0,250000.0,231882.58,OH,8.0,317259.54,0.0,06/30/2018,0.0,3700.0
,,,,,,,MICHAEL R TURNER,,H2OH03067,"TURNER, MICHAEL R",I,2.0,REP,928149.52,23337.98,510752.21,0.0,293254.8,710652.11,0.0,0.0,0.0,0.0,0.0,0.0,482771.06,OH,10.0,420750.0,0.0,06/30/2018,1605.0,2000.0
,,,,,,,ED ALBERTSON,,H6OH12127,"ALBERTSON, ED",C,1.0,DEM,27503.82,0.0,31997.23,2000.0,6572.85,2079.44,2425.95,0.0,0.0,0.0,0.0,0.0,25067.87,OH,12.0,0.0,0.0,06/30/2018,0.0,0.0
,,,,,,,TROY BALDERSON,,H8OH12180,"BALDERSON, TROY",I,2.0,REP,1771406.79,28096.95,1678714.63,0.0,0.0,92692.16,0.0,0.0,0.0,0.0,0.0,0.0,1088333.25,OH,12.0,629895.0,25000.0,08/27/2018,0.0,3000.0
,,,,,,,MARKWAYNE MR. MULLIN,,H2OK02083,"MULLIN, MARKWAYNE MR.",I,2.0,REP,1237445.14,29799.41,1150650.18,0.0,152333.54,239128.5,0.0,0.0,0.0,0.0,0.0,0.0,376644.0,OK,2.0,827587.5,0.0,06/30/2018,0.0,1000.0
,,,,,,,TOM COLE,,H2OK04055,"COLE, TOM",I,2.0,REP,1439483.57,16002.68,1058626.34,0.0,1262352.54,1643209.77,0.0,0.0,0.0,0.0,0.0,0.0,628434.19,OK,4.0,785662.5,0.0,06/30/2018,1500.0,550.0
,,,,,,,GREGORY P. MR. WALDEN,,H6OR02116,"WALDEN, GREGORY P. MR.",I,2.0,REP,4242647.18,240682.27,2053998.28,0.0,984153.76,3172802.66,0.0,0.0,0.0,0.0,0.0,0.0,1566237.43,OR,2.0,2392617.14,0.0,06/30/2018,6250.0,5000.0
,,,,,,,BRENDAN F BOYLE,,H4PA13199,"BOYLE, BRENDAN F",I,1.0,DEM,938372.08,0.0,766029.62,46100.0,461467.13,633809.59,0.0,0.0,0.0,0.0,0.0,0.0,274157.26,PA,2.0,663090.0,0.0,06/30/2018,650.0,0.0
,,,,,,,RYAN A COSTELLO,,H0PA06076,"COSTELLO, RYAN A",I,2.0,REP,1811748.06,54056.75,1274156.11,0.0,246528.75,784120.7,0.0,0.0,0.0,0.0,0.0,0.0,559411.05,PA,6.0,1171149.7,0.0,06/30/2018,155041.0,293901.4
,,,,,,,MARTY MR. NOTHSTEIN,,H8PA15245,"NOTHSTEIN, MARTY MR.",O,2.0,REP,531252.65,0.0,353028.33,500.0,0.0,178224.32,300.0,145000.0,0.0,0.0,0.0,145000.0,300589.39,PA,7.0,85363.26,0.0,06/30/2018,5400.0,0.0
,,,,,,,MATT CARTWRIGHT,,H2PA17079,"CARTWRIGHT, MATT",I,1.0,DEM,1747809.79,25000.0,465715.24,0.0,561068.81,1843163.36,0.0,0.0,0.0,0.0,0.0,275000.0,920082.65,PA,8.0,783360.0,1711.25,06/30/2018,7930.69,0.0
,,,,,,,CHRISTINA M HARTMAN,,H6PA16296,"HARTMAN, CHRISTINA M",C,1.0,DEM,548792.09,4156.07,527609.59,0.0,44753.16,65935.66,0.0,0.0,12000.0,0.0,45500.0,17000.0,450856.43,PA,10.0,68800.0,149.0,06/30/2018,63647.0,7000.0
,,,,,,,WILLIAM JR. LEINER,,H8PA15161,"LEINER, WILLIAM JR.",O,1.0,DEM,14175.86,875.0,15558.93,0.0,-647.99,-2031.06,1060.0,0.0,0.0,0.0,0.0,750.0,12240.86,PA,15.0,0.0,0.0,03/31/2018,0.0,0.0
,,,,,,,SUSAN WILD,,H8PA15229,"WILD, SUSAN",O,1.0,DEM,1100515.32,249813.04,400037.65,0.0,0.0,700477.67,0.0,35000.0,0.0,0.0,0.0,35000.0,679252.28,PA,15.0,133450.0,3000.0,06/30/2018,1050.0,0.0
,,,,,,,GLENN THOMPSON,,H8PA05071,"THOMPSON, GLENN",I,2.0,REP,999019.33,0.0,877066.17,62227.78,284051.79,406004.95,0.0,0.0,0.0,0.0,0.0,0.0,510983.41,PA,15.0,487978.73,0.0,06/30/2018,2075.0,0.0
,,,,,,,GEORGE J JR KELLY,,H0PA03271,"KELLY, GEORGE J JR",I,2.0,REP,1778514.42,299.13,820135.55,0.0,742101.76,1700480.63,0.0,0.0,0.0,0.0,0.0,90000.0,585962.04,PA,16.0,1182195.58,0.0,06/30/2018,500.0,0.0
,,,,,,,CONOR LAMB,,H8PA18181,"LAMB, CONOR",I,1.0,DEM,7412231.37,115175.91,5315580.4,0.0,0.0,2096650.97,0.0,0.0,0.0,0.0,0.0,0.0,6792195.82,PA,17.0,482210.24,0.0,06/30/2018,73234.72,5000.0
,,,,,,,KEITH MR. ROTHFUS,,H0PA04220,"ROTHFUS, KEITH MR.",I,2.0,REP,2032587.95,180396.09,578627.17,0.0,613672.49,2067633.27,0.0,0.0,0.0,0.0,0.0,193477.71,957732.41,PA,17.0,891650.0,300.0,06/30/2018,2600.0,1500.0
,,,,,,,DAVID N CICILLINE,,H0RI01073,"CICILLINE, DAVID N",I,1.0,DEM,1418388.9,16650.0,1086466.88,0.0,733171.0,1065093.02,0.0,0.0,0.0,0.0,0.0,0.0,1017293.93,RI,1.0,372725.0,0.0,08/23/2018,6216.0,0.0
,,,,,,,JOHN TIMOTHY DAVIS,,H8SC04201,"DAVIS, JOHN TIMOTHY",O,1.0,DEM,8524.4,0.0,8524.4,247.78,0.0,0.0,100.0,1500.0,0.0,0.0,0.0,1500.0,6924.4,SC,4.0,0.0,0.0,06/30/2018,585.99,0.0
,,,,,,,LARRY GUY HAMMOND,,H8SC07071,"HAMMOND, LARRY GUY",C,2.0,REP,1874.12,0.0,7207.43,3520.0,0.0,135.98,1674.12,0.0,0.0,0.0,0.0,0.0,200.0,SC,7.0,0.0,0.0,06/18/2018,0.0,0.0
,,,,,,,KRISTI LYNN NOEM,,H0SD00054,"NOEM, KRISTI LYNN",I,2.0,REP,25741.33,1000.0,83633.75,0.0,76550.9,7371.51,0.0,0.0,0.0,0.0,0.0,0.0,1700.0,SD,0.0,22475.0,0.0,06/30/2018,400.0,0.0
,,,,,,,SARAH ASHLEY NICKLOES,,H8TN02218,"NICKLOES, SARAH ASHLEY",O,2.0,REP,243854.67,9646.31,243854.67,0.0,0.0,0.0,0.0,0.0,0.0,0.0,0.0,0.0,148255.0,TN,2.0,85937.5,0.0,09/28/2018,10870.0,5000.0
,,,,,,,MARK DR. GREEN,,H8TN07076,"GREEN, MARK DR.",O,2.0,REP,1638118.08,17600.0,758958.14,0.0,0.0,879159.94,120025.0,500000.0,0.0,0.0,0.0,500000.0,903425.92,TN,7.0,97067.16,0.0,07/13/2018,0.0,0.0
,,,,,,,PAT BRYAN,,H6TX02160,"BRYAN, PAT",O,1.0,DEM,1192.88,0.0,855.0,205.0,1885.27,2.88,0.0,0.0,0.0,0.0,0.0,11558.31,1192.88,TX,2.0,0.0,0.0,06/30/2018,0.0,0.0
,,,,,,,JUSTIN LEONARD LURIE,,H8TX02190,"LURIE, JUSTIN LEONARD",O,2.0,REP,10018.54,542.54,10018.54,0.0,0.0,0.0,0.0,5000.0,0.0,164.0,0.0,4836.0,4476.0,TX,2.0,0.0,0.0,03/31/2018,0.0,0.0
,,,,,,,DANIEL CRENSHAW,,H8TX02166,"CRENSHAW, DANIEL",O,3.0,UNK,982455.48,21744.29,882203.73,0.0,0.0,100251.75,156.0,0.0,0.0,0.0,0.0,0.0,893623.67,TX,2.0,66810.01,0.0,06/30/2018,11775.0,0.0
,,,,,,,JOHN L RATCLIFFE,,H4TX04153,"RATCLIFFE, JOHN L",I,2.0,REP,837165.94,6382.32,710283.41,0.0,128611.59,255494.12,0.0,0.0,0.0,294250.0,0.0,0.0,350510.88,TX,4.0,476987.27,0.0,06/30/2018,15800.0,0.0
,,,,,,,JEB HON. HENSARLING,,H2TX05121,"HENSARLING, JEB HON.",I,2.0,REP,941261.98,2250.0,775276.89,0.0,648063.2,814048.29,0.0,0.0,0.0,0.0,0.0,0.0,463031.92,TX,5.0,472250.0,0.0,06/30/2018,102075.0,39500.0
,,,,,,,JOE LINUS BARTON,,H4TX06117,"BARTON, JOE LINUS",I,2.0,REP,500176.76,4703.12,874480.66,0.0,421386.29,47082.39,0.0,0.0,0.0,95025.0,0.0,0.0,232383.0,TX,6.0,214844.39,0.0,06/30/2018,43562.5,9000.0
,,,,,,,JOHN KEVIN ELLZEY,,H8TX06266,"ELLZEY, JOHN KEVIN",O,2.0,REP,311683.6,14679.36,310205.88,0.0,0.0,1477.72,4733.94,4733.94,0.0,4733.94,0.0,12826.79,266536.36,TX,6.0,21000.0,0.0,06/30/2018,2700.0,0.0
,,,,,,,DEBRA KERNER,,H8TX07108,"KERNER, DEBRA",C,1.0,DEM,18464.16,0.0,7830.29,390.0,0.0,835.95,0.0,2700.0,0.0,0.0,0.0,0.0,15764.16,TX,7.0,0.0,0.0,12/31/2017,0.0,0.0
,,,,,,,JOHN CULBERSON,,H0TX07055,"CULBERSON, JOHN",I,2.0,REP,2024361.31,342197.49,843175.57,0.0,81691.61,1262877.35,0.0,0.0,0.0,0.0,0.0,0.0,736734.62,TX,7.0,945350.6,0.0,06/30/2018,10800.0,6300.0
,,,,,,,MICHAEL MCCAUL,,H4TX10093,"MCCAUL, MICHAEL",I,2.0,REP,1385579.37,67320.88,1053225.0,0.0,105724.96,438079.33,0.0,0.0,0.0,85000.0,0.0,0.0,751936.37,TX,10.0,561627.27,0.0,06/30/2018,19750.0,0.0
,,,,,,,MAC THORNBERRY,,H4TX13014,"THORNBERRY, MAC",I,2.0,REP,1131705.43,0.0,1160012.55,613000.0,505030.51,476723.39,0.0,0.0,0.0,0.0,0.0,0.0,646197.64,TX,13.0,483300.0,0.0,06/30/2018,100.0,0.0
,,,,,,,RANDY WEBER,,H2TX14149,"WEBER, RANDY",I,2.0,REP,557622.45,0.0,475496.44,38722.93,368128.6,450254.61,0.0,0.0,0.0,20000.0,0.0,124000.0,321195.0,TX,14.0,235750.0,0.0,06/30/2018,2700.0,0.0
,,,,,,,ROBERT BETO O'ROURKE,,H2TX16185,"O'ROURKE, ROBERT BETO",I,1.0,DEM,23647799.0,53666.0,10085140.0,0.0,398699.0,13961358.0,0.0,0.0,0.0,0.0,0.0,0.0,23522658.0,TX,16.0,54954.0,0.0,06/30/2018,301410.0,0.0
,,,,,,,JODEY COOK ARRINGTON,,H6TX19099,"ARRINGTON, JODEY COOK",I,2.0,REP,1053268.8,21750.69,448199.46,0.0,256386.47,861455.81,0.0,0.0,0.0,0.0,0.0,0.0,695978.47,TX,19.0,332069.51,0.0,06/30/2018,0.0,1000.0
,,,,,,,RIXI MELTON,,H8TX21141,"MELTON, RIXI",O,1.0,DEM,5521.82,0.0,3866.34,600.0,0.0,1655.48,1281.34,0.0,0.0,0.0,0.0,0.0,4240.48,TX,21.0,0.0,0.0,06/30/2018,0.0,0.0
,,,,,,,DERRICK CHAD MR. CROWE,,H8TX21158,"CROWE, DERRICK CHAD MR.",O,1.0,DEM,179231.36,0.0,178923.57,1500.0,0.0,307.79,1955.0,0.0,0.0,0.0,0.0,0.0,168947.91,TX,21.0,2500.0,4000.0,06/30/2018,1861.0,0.0
,,,,,,,MARY E WILSON,,H8TX21182,"WILSON, MARY E",O,1.0,DEM,111826.79,500.0,110999.72,0.0,0.0,827.07,6204.07,27650.4,796.81,11886.58,688.85,15763.82,75555.49,TX,21.0,1120.02,0.0,06/30/2018,100.0,0.0
,,,,,,,JOSEPH KOPSER,,H8TX21190,"KOPSER, JOSEPH",O,1.0,DEM,1581008.79,151276.06,1235410.54,0.0,0.0,345598.25,7177.5,25000.0,0.0,0.0,0.0,25000.0,1317381.26,TX,21.0,74973.97,4000.0,06/30/2018,43386.38,0.0
,,,,,,,JAY HULINGS,,H8TX23147,"HULINGS, JAY",C,1.0,DEM,610590.01,17735.38,610584.03,0.0,0.0,5.98,9373.97,0.0,0.0,0.0,0.0,75941.76,482625.66,TX,23.0,100800.0,0.0,06/30/2018,37748.67,12300.0
,,,,,,,MICHAEL C. DR. BURGESS,,H2TX26093,"BURGESS, MICHAEL C. DR.",I,2.0,REP,1379429.25,16002.71,1403925.5,0.0,478104.99,453608.74,0.0,0.0,0.0,0.0,0.0,0.0,466262.9,TX,26.0,895800.62,663.98,06/30/2018,1500.0,5000.0
,,,,,,,HECTOR ADRIAN MR. MORALES,,H8TX29045,"MORALES, HECTOR ADRIAN MR.",O,1.0,DEM,11178.04,0.0,10777.16,700.0,0.0,375.78,105.0,0.0,0.0,0.0,0.0,0.0,11073.04,TX,29.0,0.0,0.0,06/30/2018,0.0,0.0
,,,,,,,COLIN ALLRED,,H8TX32098,"ALLRED, COLIN",C,1.0,DEM,1916601.47,33400.0,973962.63,0.0,0.0,942638.84,0.0,25000.0,0.0,0.0,0.0,44978.5,1716020.6,TX,32.0,140678.8,0.0,06/30/2018,2699.57,0.0
,,,,,,,MISTY K SNOW,,H8UT02222,"SNOW, MISTY K",C,1.0,DEM,7726.74,3079.07,7685.28,0.0,0.0,41.46,0.0,0.0,0.0,0.0,0.0,0.0,4647.67,UT,2.0,0.0,0.0,03/21/2018,0.0,0.0
,,,,,,,CHRIS STEWART,,H2UT02324,"STEWART, CHRIS",I,2.0,REP,705950.25,4320.0,553778.21,0.0,93451.75,245623.79,0.0,0.0,0.0,0.0,0.0,0.0,290562.64,UT,2.0,404787.21,0.0,06/30/2018,3505.0,0.0
,,,,,,,JOHN CURTIS,,H8UT03238,"CURTIS, JOHN",I,2.0,REP,1331934.58,28543.11,1248724.84,0.0,0.0,83209.74,0.0,100000.0,0.0,25000.0,0.0,75000.0,831660.3,UT,3.0,370700.0,0.0,06/30/2018,5400.0,2500.0
,,,,,,,ELAINE LURIA,,H8VA02111,"LURIA, ELAINE",C,1.0,DEM,1318925.69,311373.19,500507.39,0.0,0.0,818418.3,3903.7,0.0,0.0,0.0,0.0,4500.0,849932.06,VA,2.0,148716.74,5000.0,06/30/2018,859.06,0.0
,,,,,,,SCOTT W. MR. TAYLOR,,H0VA02118,"TAYLOR, SCOTT W. MR.",I,2.0,REP,2741096.01,215981.4,1799557.57,0.0,64967.39,1006505.83,0.0,0.0,0.0,8132.0,0.0,0.0,1770149.08,VA,2.0,748310.61,0.0,06/30/2018,0.0,10000.0
,,,,,,,ASTON DONALD MCEACHIN,,H6VA04061,"MCEACHIN, ASTON DONALD",I,1.0,DEM,652248.4,4440.43,490542.05,0.0,279010.41,440716.76,0.0,0.0,0.0,0.0,0.0,0.0,295791.39,VA,4.0,350724.23,0.0,06/30/2018,126.12,0.0
,,,,,,,ROGER DEAN RD HUFFSTETLER,,H8VA05114,"HUFFSTETLER, ROGER DEAN RD",O,1.0,DEM,1140147.03,146608.46,1130244.92,0.0,0.0,9902.11,0.0,0.0,0.0,0.0,0.0,0.0,953030.0,VA,5.0,38250.0,0.0,06/30/2018,254933.59,5000.0
,,,,,,,ADAM SLATE,,H8VA05130,"SLATE, ADAM",O,1.0,DEM,15832.85,0.0,15832.85,2693.0,0.0,0.0,0.0,0.0,0.0,0.0,0.0,0.0,15831.16,VA,5.0,0.0,0.0,09/01/2018,5850.0,237.0
,,,,,,,ELLIOT POPE,,H8VA06120,"POPE, ELLIOT",O,2.0,REP,17115.0,0.0,17115.0,23.45,0.0,0.0,20.0,6000.0,0.0,6000.0,0.0,0.0,11085.0,VA,6.0,0.0,0.0,07/21/2018,0.0,0.0
,,,,,,,DAVID ALAN MR. BRAT,,H4VA07143,"BRAT, DAVID ALAN MR.",I,2.0,REP,1332894.18,50650.0,583806.09,0.0,168013.54,917101.63,500.0,0.0,0.0,0.0,0.0,0.0,1046380.52,VA,7.0,228744.15,5250.0,06/30/2018,11700.0,0.0
,,,,,,,H MORGAN GRIFFITH,,H0VA09055,"GRIFFITH, H MORGAN",I,2.0,REP,783976.26,4182.35,462866.72,0.0,90429.03,411538.57,0.0,0.0,0.0,0.0,0.0,0.0,277161.94,VA,9.0,502243.75,0.0,06/30/2018,0.0,0.0
,,,,,,,DANIEL HELMER,,H8VA10080,"HELMER, DANIEL",C,1.0,DEM,1136537.96,3376.75,1128015.34,0.0,0.0,8522.62,2700.0,0.0,0.0,0.0,0.0,0.0,1117206.03,VA,10.0,10300.0,0.0,06/30/2018,79555.0,2300.0
,,,,,,,BARBARA COMSTOCK,,H4VA10089,"COMSTOCK, BARBARA",I,2.0,REP,3818909.15,321815.97,2151247.47,0.0,49432.65,1717094.33,0.0,0.0,0.0,0.0,0.0,0.0,2159958.59,VA,10.0,1336519.48,0.0,06/30/2018,15116.67,5400.0
,,,,,,,SHAK HILL,,H8VA10155,"HILL, SHAK",C,2.0,REP,300802.67,0.0,299551.67,2300.0,0.0,1251.0,0.0,0.0,0.0,0.0,0.0,0.0,297954.39,VA,10.0,1500.0,0.0,06/30/2018,2525.0,0.0
,,,,,,,PETER WELCH,,H6VT00160,"WELCH, PETER",I,1.0,DEM,599024.18,0.0,426986.11,133500.0,1929496.44,2101534.51,0.0,0.0,0.0,0.0,0.0,0.0,127289.44,VT,0.0,463050.0,0.0,07/25/2018,0.0,2300.0
,,,,,,,SUZAN K DELBENE,,H0WA08046,"DELBENE, SUZAN K",I,1.0,DEM,1536165.26,1500.72,762461.53,0.0,500941.52,1274645.25,0.0,0.0,0.0,0.0,0.0,495000.0,746109.95,WA,1.0,784880.96,2631.51,07/18/2018,2091.68,2500.0
,,,,,,,BEN STUCKART,,H8WA05169,"STUCKART, BEN",C,1.0,DEM,109302.67,0.0,116538.83,7125.04,7236.16,0.0,0.0,0.0,0.0,499.77,0.0,0.0,97419.47,WA,5.0,7000.0,2152.66,07/31/2017,8817.0,0.0
,,,,,,,DINO ROSSI,,H8WA08205,"ROSSI, DINO",O,2.0,REP,3005150.0,5000.0,1218602.01,0.0,0.0,1786547.99,300.0,0.0,0.0,0.0,0.0,0.0,2729106.06,WA,8.0,259975.0,0.0,07/18/2018,1848.84,0.0
,,,,,,,PAUL D. RYAN,,H8WI01024,"RYAN, PAUL D.",I,2.0,REP,12014860.73,10004872.55,14696213.67,0.0,9098872.77,6417519.83,0.0,0.0,0.0,0.0,0.0,0.0,1515942.46,WI,1.0,368700.0,0.0,06/30/2018,3447215.17,968100.0
,,,,,,,BRADLEY THOMAS DR. BOIVIN,,H8WI01172,"BOIVIN, BRADLEY THOMAS DR.",O,2.0,REP,5380.0,0.0,5380.0,44.57,0.0,0.0,0.0,0.0,0.0,0.0,0.0,0.0,5360.0,WI,1.0,0.0,0.0,08/15/2018,2700.0,0.0
,,,,,,,SARAH LLOYD,,H6WI06100,"LLOYD, SARAH",C,1.0,DEM,300.0,0.0,8088.54,5553.54,7788.54,0.0,0.0,0.0,0.0,0.0,0.0,0.0,0.0,WI,6.0,0.0,0.0,06/30/2018,0.0,0.0
,,,,,,,MICHAEL JOHN GALLAGHER,,H6WI08155,"GALLAGHER, MICHAEL JOHN",I,2.0,REP,2208475.06,11302.04,957556.26,0.0,61825.45,1312744.25,0.0,0.0,0.0,0.0,0.0,33000.0,1457515.16,WI,8.0,728146.66,500.0,07/25/2018,8100.0,0.0
,,,,,,,AARON SCHEINBERG,,H8WV02107,"SCHEINBERG, AARON",C,1.0,DEM,588361.78,125657.35,513055.36,0.0,0.0,75306.42,13180.0,12000.0,0.0,0.0,0.0,12000.0,425730.25,WV,2.0,11794.18,0.0,06/30/2018,1500.0,0.0
,,,,,,,ELIZABETH MRS. CHENEY,,H6WY00159,"CHENEY, ELIZABETH MRS.",I,2.0,REP,651277.17,30943.19,464479.3,0.0,57750.16,244548.03,0.0,0.0,0.0,0.0,0.0,70000.0,242770.22,WY,0.0,372934.17,663.97,08/01/2018,166.66,0.0
,,,,,,,HILLARY RODHAM / TIMOTHY MICHAEL KAINE CLINTON,,P00003392,"CLINTON, HILLARY RODHAM / TIMOTHY MICHAEL KAINE",O,1.0,DEM,5905565.16,81322.12,5397014.88,0.0,323317.48,831867.76,0.0,0.0,0.0,0.0,0.0,0.0,0.0,00,0.0,0.0,0.0,06/30/2018,35737.76,0.0
,,,,,,,BARACK / JOSEPH R. BIDEN OBAMA,,P80003338,"OBAMA, BARACK / JOSEPH R. BIDEN",C,1.0,DEM,659028.98,444949.91,905767.0,0.0,302105.33,55367.31,0.0,0.0,0.0,0.0,0.0,0.0,0.0,00,0.0,0.0,0.0,06/30/2018,0.0,0.0
,,,,,,,RICHARD J. SANTORUM,,P20002721,"SANTORUM, RICHARD J.",O,2.0,REP,66018.48,6191.63,168275.55,0.0,110242.76,7985.69,0.0,0.0,0.0,0.0,16057.59,943521.62,2825.0,00,0.0,11000.0,0.0,06/30/2018,0.0,0.0
,,,,,,,MITT / PAUL D. RYAN ROMNEY,,P80003353,"ROMNEY, MITT / PAUL D. RYAN",C,2.0,REP,377857.21,0.0,1678905.71,1000000.0,1516047.82,214999.32,0.0,0.0,0.0,0.0,0.0,0.0,0.0,00,0.0,0.0,0.0,06/30/2018,-354488.89,0.0
,,,,,,,ADAM KOKESH,,P00006841,"KOKESH, ADAM",,3.0,LIB,102000.73,0.0,101203.6,1150.0,0.0,797.13,61140.41,17253.09,0.0,0.0,0.0,21054.13,23607.2,00,0.0,0.0,0.0,06/30/2018,0.0,0.0
,,,,,,,"GARY / WILLIAM ""BILL"" WELD JOHNSON",,P20002671,"JOHNSON, GARY / WILLIAM ""BILL"" WELD",O,3.0,LIB,22568.53,22568.53,27033.08,0.0,6299.61,1835.06,0.0,0.0,0.0,0.0,0.0,1688993.99,0.0,00,0.0,0.0,0.0,09/30/2018,0.0,0.0
,,,,,,,DAVID JON SPONHEIM,,P20003174,"SPONHEIM, DAVID JON",O,3.0,OTH,191.0,0.0,840.0,292.0,3247.0,2597.0,84.0,0.0,0.0,0.0,0.0,0.0,107.0,00,0.0,0.0,0.0,06/30/2018,0.0,0.0
,,,,,,,DOUG JONES,,S0AL00156,"JONES, DOUG",I,1.0,DEM,24456380.0,139451.0,22410681.0,0.0,0.0,2048015.0,0.0,0.0,0.0,0.0,0.0,0.0,23614502.0,AL,0.0,675002.0,0.0,06/30/2018,592718.0,8500.0
,,,,,,,LUTHER J III STRANGE,,S8AL00308,"STRANGE, LUTHER J III",I,2.0,REP,5392899.0,271840.0,5556686.0,0.0,293162.0,129375.0,0.0,0.0,245000.0,0.0,0.0,332490.0,2954628.0,AL,0.0,1712076.0,47400.0,06/30/2018,10000.0,5500.0
,,,,,,,JEFF FLAKE,,S2AZ00141,"FLAKE, JEFF",I,2.0,REP,4146651.0,573431.0,3526484.0,0.0,580214.0,1200380.0,0.0,0.0,0.0,0.0,0.0,0.0,2420191.0,AZ,0.0,1103725.0,47400.0,06/30/2018,1226431.0,493925.0
,,,,,,,CHRISTOPHER S MR MURPHY,,S2CT00132,"MURPHY, CHRISTOPHER S MR",I,1.0,DEM,10803022.0,265258.0,3456762.0,0.0,1124943.0,8471202.0,0.0,0.0,0.0,0.0,0.0,0.0,9408134.0,CT,0.0,1125499.0,0.0,06/30/2018,62585.0,12000.0
,,,,,,,THOMAS R CARPER,,S8DE00079,"CARPER, THOMAS R",I,1.0,DEM,2431733.0,13500.0,1582602.0,0.0,244760.0,1093891.0,0.0,0.0,0.0,0.0,0.0,0.0,956287.0,DE,0.0,1461080.0,0.0,08/17/2018,4870.0,7650.0
,,,,,,,BILL NELSON,,S8FL00166,"NELSON, BILL",I,1.0,DEM,18201259.0,640708.0,5334980.0,0.0,1745453.0,14611730.0,0.0,0.0,0.0,0.0,0.0,0.0,15068871.0,FL,0.0,2081031.0,2000.0,08/08/2018,69673.0,1500.0
,,,,,,,RICK SCOTT,,S8FL00273,"SCOTT, RICK",C,2.0,REP,8664029.0,97660.0,9844907.0,0.0,0.0,3333886.0,6581548.0,0.0,0.0,0.0,0.0,0.0,1910570.0,FL,0.0,69580.0,0.0,08/08/2018,35304.0,0.0
,,,,,,,MAZIE K HIRONO,,S2HI00106,"HIRONO, MAZIE K",I,1.0,DEM,2415717.0,142244.0,1000190.0,0.0,812934.0,2228463.0,0.0,0.0,0.0,0.0,0.0,125000.0,1368869.0,HI,0.0,903375.0,0.0,07/22/2018,28234.0,0.0
,,,,,,,L TAMMY DUCKWORTH,,S6IL00292,"DUCKWORTH, L TAMMY",I,1.0,DEM,1752258.0,55065.0,916627.0,0.0,137402.0,973033.0,0.0,0.0,0.0,0.0,0.0,0.0,1389111.0,IL,0.0,221850.0,0.0,06/30/2018,6097.0,4600.0
,,,,,,,JOSEPH S DONNELLY,,S2IN00091,"DONNELLY, JOSEPH S",I,1.0,DEM,8878947.0,916204.0,3876384.0,0.0,1388871.0,6391931.0,15000.0,0.0,0.0,0.0,0.0,0.0,5706784.0,IN,0.0,2226485.0,10000.0,06/30/2018,24130.0,11321.0
,,,,,,,MIKE BRAUN,,S8IN00171,"BRAUN, MIKE",C,2.0,REP,8451782.26,117264.42,7380326.22,0.0,0.0,1071454.0,577.0,6434145.35,0.0,193345.35,0.0,4990800.0,1653895.49,IN,0.0,245900.0,0.0,06/30/2018,0.0,0.0
,,,,,,,ELIZABETH WARREN,,S2MA00170,"WARREN, ELIZABETH",I,1.0,DEM,22418942.0,3887657.0,11679826.0,0.0,4845545.0,15584663.0,0.0,0.0,0.0,0.0,0.0,0.0,18158584.0,MA,0.0,341528.0,0.0,08/15/2018,143684.0,1993.0
,,,,,,,BENJAMIN L CARDIN,,S6MD03177,"CARDIN, BENJAMIN L",I,1.0,DEM,3411427.0,27041.0,1096811.0,0.0,704338.0,3018955.0,0.0,0.0,0.0,0.0,0.0,0.0,2206839.0,MD,0.0,1176165.0,0.0,06/30/2018,6600.0,2000.0
,,,,,,,ANGUS STANLEY JR KING,,S2ME00109,"KING, ANGUS STANLEY JR",I,3.0,IND,4134756.0,31634.0,1759579.0,0.0,132633.0,2507811.0,5024.0,0.0,0.0,0.0,0.0,80000.0,3140453.0,ME,0.0,952098.0,0.0,06/30/2018,50942.0,7000.0
,,,,,,,JOHN JAMES,,S8MI00372,"JAMES, JOHN",C,2.0,REP,4206901.0,30395.0,3337904.0,0.0,0.0,868996.0,0.0,50000.0,0.0,0.0,0.0,50000.0,4051191.0,MI,0.0,63600.0,0.0,07/18/2018,5750.0,0.0
,,,,,,,KARIN HOUSLEY,,S8MN00586,"HOUSLEY, KARIN",C,2.0,REP,1811466.0,20213.0,819578.0,0.0,0.0,991887.0,5400.0,180000.0,0.0,0.0,0.0,180000.0,1373627.0,MN,0.0,229050.0,1800.0,07/25/2018,7855.0,15000.0
,,,,,,,JOSHUA DAVID HAWLEY,,S8MO00160,"HAWLEY, JOSHUA DAVID",C,2.0,REP,5320513.0,558466.0,2996644.0,0.0,0.0,2323868.0,0.0,0.0,0.0,0.0,0.0,0.0,4238206.0,MO,0.0,472050.0,47400.0,07/18/2018,5500.0,0.0
,,,,,,,ROGER F WICKER,,S8MS00196,"WICKER, ROGER F",I,2.0,REP,5349028.0,492289.0,3831418.0,0.0,1620434.0,3138044.0,25.0,0.0,0.0,0.0,0.0,0.0,3138978.0,MS,0.0,1717634.0,0.0,06/30/2018,1435.0,500.0
,,,,,,,CINDY HYDE-SMITH,,S8MS00261,"HYDE-SMITH, CINDY",O,2.0,REP,1654032.0,84645.0,264232.0,0.0,0.0,1389799.0,0.0,0.0,0.0,0.0,0.0,0.0,1003193.0,MS,0.0,565855.0,0.0,06/30/2018,0.0,0.0
,,,,,,,JON TESTER,,S6MT00162,"TESTER, JON",I,1.0,DEM,11748776.0,1019186.0,7201122.0,0.0,1550978.0,6098632.0,0.0,0.0,0.0,0.0,0.0,0.0,8762590.0,MT,0.0,1931189.0,0.0,06/30/2018,129523.0,500.0
,,,,,,,DEBRA S FISCHER,,S2NE00094,"FISCHER, DEBRA S",I,2.0,REP,3667944.0,303884.0,1934516.0,0.0,1018869.0,2752297.0,0.0,0.0,0.0,0.0,0.0,0.0,1861965.0,NE,0.0,1502093.0,0.0,06/30/2018,12022.0,7000.0
,,,,,,,ROBERT MENENDEZ,,S6NJ00289,"MENENDEZ, ROBERT",I,1.0,DEM,6134561.0,618685.0,1350279.0,0.0,1644124.0,6428406.0,0.0,0.0,0.0,0.0,0.0,0.0,4413721.0,NJ,0.0,1093978.0,0.0,06/30/2018,46370.0,11400.0
,,,,,,,RICHARD J PEZZULLO,,S4NJ00169,"PEZZULLO, RICHARD J",C,2.0,REP,116287.0,0.0,116659.0,1500.0,1346.0,1296.0,2131.0,100000.0,0.0,100000.0,0.0,15000.0,14156.0,NJ,0.0,0.0,0.0,06/30/2018,0.0,0.0
,,,,,,,JAY GREGORY CRADDOCK,,S8NV00131,"CRADDOCK, JAY GREGORY",C,1.0,DEM,75660.0,0.0,60939.0,2966.0,0.0,0.0,0.0,68769.0,0.0,2180.0,0.0,0.0,5745.0,NV,0.0,0.0,0.0,11/20/2017,0.0,0.0
,,,,,,,DEAN HELLER,,S2NV00183,"HELLER, DEAN",I,2.0,REP,8310649.0,531809.0,3802116.0,0.0,1366283.0,5874814.0,0.0,0.0,0.0,0.0,0.0,0.0,4989265.0,NV,0.0,2690276.0,47400.0,06/30/2018,99446.0,22800.0
,,,,,,,KIRSTEN ELIZABETH GILLIBRAND,,S0NY00410,"GILLIBRAND, KIRSTEN ELIZABETH",I,1.0,DEM,15726412.0,538465.0,7271099.0,0.0,2266662.0,10721977.0,0.0,0.0,0.0,0.0,0.0,0.0,14397659.0,NY,0.0,762813.0,0.0,06/30/2018,285709.0,1700.0
,,,,,,,SHERROD BROWN,,S6OH00163,"BROWN, SHERROD",I,1.0,DEM,17191570.0,1928817.0,9281236.0,0.0,3183855.0,11094189.0,0.0,0.0,0.0,0.0,0.0,0.0,13269007.0,OH,0.0,1954696.0,0.0,06/30/2018,169903.0,8750.0
,,,,,,,JOSH MANDEL,,S2OH00170,"MANDEL, JOSH",C,2.0,REP,4442018.69,1990734.08,2506723.34,0.0,1657109.0,3605523.91,0.0,0.0,0.0,0.0,0.0,0.0,2203092.0,OH,0.0,224884.0,0.0,06/30/2018,879027.6,132979.33
,,,,,,,MELISSA ACKISON,,S8OH00094,"ACKISON, MELISSA",C,2.0,REP,38378.0,0.0,47019.0,0.06,0.0,0.8,1071.0,0.0,0.0,0.0,0.0,0.0,37307.0,OH,0.0,0.0,0.0,05/25/2018,0.0,0.0
,,,,,,,ROBERT P JR CASEY,,S6PA00217,"CASEY, ROBERT P JR",I,1.0,DEM,14691248.0,1261476.0,6418063.0,0.0,1606564.0,9879748.0,0.0,0.0,0.0,0.0,0.0,0.0,11181614.0,PA,0.0,2188916.0,6000.0,06/30/2018,199452.0,34050.0
,,,,,,,RICK SACCONE,,S8PA00239,"SACCONE, RICK",C,2.0,REP,51207.0,0.0,73263.0,41899.0,0.0,0.0,0.0,0.0,0.0,11000.0,0.0,0.0,47617.0,PA,0.0,3500.0,90.0,01/10/2018,0.0,0.0
,,,,,,,SHELDON II WHITEHOUSE,,S6RI00221,"WHITEHOUSE, SHELDON II",I,1.0,DEM,4552941.0,252913.0,2235290.0,0.0,1104415.0,3422065.0,0.0,0.0,0.0,0.0,0.0,0.0,3425307.0,RI,0.0,869357.0,4520.0,08/23/2018,79037.0,5150.0
,,,,,,,PHILIP BREDESEN,,S8TN00386,"BREDESEN, PHILIP",O,1.0,DEM,8526736.0,194954.0,5662436.0,0.0,0.0,2864301.0,48399.0,3455000.0,0.0,0.0,0.0,3455000.0,4535230.0,TN,0.0,292950.0,0.0,07/13/2018,35943.0,2400.0
,,,,,,,ROBERT P JR CORKER,,S6TN00216,"CORKER, ROBERT P JR",I,2.0,REP,2142307.0,103586.0,2339790.0,0.0,5934106.0,5736623.0,0.0,0.0,0.0,0.0,0.0,0.0,1500099.0,TN,0.0,461150.0,0.0,06/30/2018,960179.0,258200.0
,,,,,,,ROBERT (BETO) O'ROURKE,,S8TX00285,"O'ROURKE, ROBERT (BETO)",C,1.0,DEM,23647799.0,53666.0,10085140.0,0.0,398699.0,13961358.0,0.0,0.0,0.0,0.0,0.0,0.0,23522658.0,TX,0.0,54954.0,0.0,06/30/2018,301410.0,0.0
,,,,,,,ORRIN G HATCH,,S6UT00063,"HATCH, ORRIN G",I,2.0,REP,3976603.0,202476.0,5167335.0,0.0,2156242.0,965507.0,0.0,0.0,0.0,0.0,0.0,0.0,1763298.0,UT,0.0,1991166.0,0.0,06/30/2018,901669.0,1025588.0
,,,,,,,MITT WILLARD MR ROMNEY,,S8UT00176,"ROMNEY, MITT WILLARD MR",O,2.0,REP,4097124.0,1000000.0,2888474.0,0.0,0.0,1208651.0,0.0,0.0,0.0,0.0,0.0,41167.0,3097122.0,UT,0.0,0.0,0.0,06/30/2018,2700.0,0.0
,,,,,,,TIMOTHY MICHAEL KAINE,,S2VA00142,"KAINE, TIMOTHY MICHAEL",I,1.0,DEM,13196525.0,4442067.0,10219152.0,0.0,3120696.0,6098068.0,0.0,0.0,0.0,0.0,0.0,0.0,7017025.0,VA,0.0,1661594.0,0.0,06/30/2018,142304.0,7800.0
,,,,,,,RONALD HAROLD JOHNSON,,S0WI00197,"JOHNSON, RONALD HAROLD",C,2.0,REP,873734.0,33419.0,509458.0,0.0,44263.0,408538.0,0.0,0.0,0.0,130000.0,0.0,380450.0,476344.0,WI,0.0,340050.0,0.0,06/30/2018,0.0,1000.0
,,,,,,,JOE MANCHIN III,,S0WV00090,"MANCHIN III, JOE",I,1.0,DEM,6268249.0,343861.0,1660841.0,0.0,1672560.0,6279968.0,0.0,0.0,0.0,0.0,0.0,3025.0,4206912.0,WV,0.0,1660707.0,100.0,06/30/2018,46778.0,3500.0
,,,,,,,PATRICK MR MORRISEY,,S8WV00143,"MORRISEY, PATRICK MR",C,2.0,REP,3099126.0,64914.0,2204633.0,0.0,0.0,894493.0,11423.0,398000.0,0.0,148000.0,0.0,302485.0,2098304.0,WV,0.0,479075.0,47400.0,06/30/2018,2000.0,0.0
,,,,,,,JOHN A BARRASSO,,S6WY00068,"BARRASSO, JOHN A",I,2.0,REP,5039739.0,240234.0,2400611.0,0.0,2749487.0,5388593.0,0.0,0.0,0.0,0.0,0.0,0.0,2588213.0,WY,0.0,2210420.0,0.0,08/01/2018,36504.0,42500.0
